"protein_id","gene","product","KO"
"WP_008444919.1","QSJ49_RS10890","metalloregulator ArsR/SmtB family transcription factor","K03892"
"WP_010890456.1","QSJ49_RS10895","low molecular weight phosphatase family protein","K03741"
"WP_010890458.1","QSJ49_RS10880","arsenical pump-driving ATPase","K01551"
"WP_010890459.1","QSJ49_RS10865","metalloregulator ArsR/SmtB family transcription factor","K03892"
"WP_010901944.1","QSJ49_RS01730","ABC transporter ATP-binding protein","K02003"
"WP_010902021.1","QSJ49_RS01895","Hsp20/alpha crystallin family protein","K13993"
"WP_010902022.1","QSJ49_RS01900","RimK family alpha-L-glutamate ligase","K05844"
"WP_010902023.1","QSJ49_RS01905","50S ribosomal protein L16","K02866"
"WP_010902066.1","QSJ49_RS02125","SCO family protein","K07152"
"WP_010902087.1","QSJ49_RS02235","50S ribosomal protein L15e","K02877"
"WP_010902089.1","QSJ49_RS02245","RIO1 family regulatory kinase/ATPase","K07179"
"WP_010902090.1","QSJ49_RS02250","halorhodopsin","K04642"
"WP_010902091.1","QSJ49_RS02255","biotin/lipoate A/B protein ligase family protein","K03800"
"WP_010902092.1","QSJ49_RS02260","deoxyribonuclease IV","K01151"
"WP_010902097.1","QSJ49_RS02285","HD domain-containing protein","K06885"
"WP_010902125.1","QSJ49_RS02400","GMP synthase subunit A","K01951"
"WP_010902130.1","QSJ49_RS02430","DNA-directed RNA polymerase subunit P","K03059"
"WP_010902137.1","QSJ49_RS02465","dCTP deaminase","K01494"
"WP_010902138.1","QSJ49_RS02470","thiamine-phosphate synthase family protein","K22206"
"WP_010902144.1","QSJ49_RS02500","transcription initiation factor IIB","K03124"
"WP_010902148.1","QSJ49_RS02520","inorganic diphosphatase","K01507"
"WP_010902152.1","QSJ49_RS02535","tubulin/FtsZ family protein","K22222"
"WP_010902167.1","QSJ49_RS02620","RNA-guided endonuclease TnpB family protein","K07496"
"WP_010902169.1","QSJ49_RS02630","YkgJ family cysteine cluster protein","K06940"
"WP_010902174.1","QSJ49_RS02655","amidohydrolase family protein","K07045"
"WP_010902178.1","QSJ49_RS02675","ATP-dependent protease LonB","K04076"
"WP_010902183.1","QSJ49_RS02700","2-amino-3%2C7-dideoxy-D-threo-hept-6-ulosonate synthase","K16306"
"WP_010902185.1","QSJ49_RS02710","3-dehydroquinate synthase II","K11646"
"WP_010902188.1","QSJ49_RS02725","transcription initiation factor IIB","K03124"
"WP_010902196.1","QSJ49_RS02765","pyruvate kinase","K00873"
"WP_010902203.1","QSJ49_RS02805","phosphoribosyltransferase","K07101"
"WP_010902219.1","QSJ49_RS02880","hypothetical protein","K28349"
"WP_010902221.1","QSJ49_RS02890","rhomboid family intramembrane serine protease","K07059"
"WP_010902222.1","QSJ49_RS02895","endonuclease V","K05982"
"WP_010902230.1","QSJ49_RS02940","transcription elongation factor Spt5","K15172"
"WP_010902232.1","QSJ49_RS02950","cell division protein FtsZ","K03531"
"WP_010902271.1","QSJ49_RS03145","enoyl-CoA hydratase-related protein","K01715"
"WP_010902286.1","QSJ49_RS03220","glucose 1-dehydrogenase","K22969"
"WP_010902290.1","QSJ49_RS03240","phosphate ABC transporter ATP-binding protein PstB","K02036"
"WP_010902292.1","QSJ49_RS03250","phosphate ABC transporter permease subunit PstC","K02037"
"WP_010902296.1","QSJ49_RS03270","aspartate--tRNA(Asn) ligase","K09759"
"WP_010902305.1","QSJ49_RS03315","helix-turn-helix transcriptional regulator","K07729"
"WP_010902307.1","QSJ49_RS03325","2-oxoacid:ferredoxin oxidoreductase subunit beta","K00175"
"WP_010902308.1","QSJ49_RS03330","2-oxoacid:acceptor oxidoreductase subunit alpha","K00174"
"WP_010902348.1","QSJ49_RS03535","Fe-S cluster assembly protein SufB","K09014"
"WP_010902349.1","QSJ49_RS03540","Fe-S cluster assembly protein SufD","K09015"
"WP_010902351.1","QSJ49_RS03550","metal-dependent transcriptional regulator","K03709"
"WP_010902366.1","QSJ49_RS03630","translation initiation factor IF-2 subunit alpha","K03237"
"WP_010902367.1","QSJ49_RS03635","30S ribosomal protein S27e","K02978"
"WP_010902373.1","QSJ49_RS03675","hypoxanthine/guanine phosphoribosyltransferase","K00759"
"WP_010902377.1","QSJ49_RS03695","cation:proton antiporter subunit C","K05567"
"WP_010902379.1","QSJ49_RS03705","DUF4040 domain-containing protein","K05566"
"WP_010902382.1","QSJ49_RS03720","monovalent cation/H+ antiporter subunit E","K05569"
"WP_010902392.1","QSJ49_RS03775","cytochrome bc complex cytochrome b subunit","K02635"
"WP_010902414.1","QSJ49_RS03895","geranylgeranylglycerol-phosphate geranylgeranyltransferase","K17105"
"WP_010902429.1","QSJ49_RS03965","6%2C7-dimethyl-8-ribityllumazine synthase","K00794"
"WP_010902432.1","QSJ49_RS03980","5-(carboxyamino)imidazole ribonucleotide mutase","K01588"
"WP_010902433.1","QSJ49_RS03985","NADH-quinone oxidoreductase subunit A","K05574"
"WP_010902435.1","QSJ49_RS03995","NADH-quinone oxidoreductase subunit D","K13378"
"WP_010902438.1","QSJ49_RS04010","NADH-quinone oxidoreductase subunit J","K05578"
"WP_010902440.1","QSJ49_RS04020","NADH-quinone oxidoreductase subunit NuoK","K00340"
"WP_010902441.1","QSJ49_RS04025","NADH-quinone oxidoreductase subunit L","K00341"
"WP_010902450.1","QSJ49_RS04075","cytochrome c oxidase subunit I","K02274"
"WP_010902455.1","QSJ49_RS04100","cytochrome c oxidase subunit II","K02275"
"WP_010902456.1","QSJ49_RS04105","heme o synthase","K02257"
"WP_010902459.1","QSJ49_RS04120","ABC transporter permease","K01992"
"WP_010902461.1","QSJ49_RS04130","DUF420 domain-containing protein","K08976"
"WP_010902462.1","QSJ49_RS04135","cobalamin B12-binding domain-containing protein","K01849"
"WP_010902472.1","QSJ49_RS04185","class I fructose-bisphosphate aldolase","K11645"
"WP_010902476.1","QSJ49_RS04205","ABC transporter ATP-binding protein","K01990"
"WP_010902486.1","QSJ49_RS04265","cryptochrome/photolyase family protein","K06876"
"WP_010902492.1","QSJ49_RS04295","phosphomethylpyrimidine synthase ThiC","K03147"
"WP_010902502.1","QSJ49_RS04345","MATE family efflux transporter","K26937"
"WP_010902504.1","QSJ49_RS04355","2-dehydropantoate 2-reductase","K00077"
"WP_010902508.1","QSJ49_RS04375","transcription initiation factor IIB","K03124"
"WP_010902517.1","QSJ49_RS04420","SpoVR family protein","K06415"
"WP_010902520.1","QSJ49_RS04435","PrkA family serine protein kinase","K07180"
"WP_010902524.1","QSJ49_RS04455","inorganic phosphate transporter","K03306"
"WP_010902547.1","QSJ49_RS04565","protein sorting system archaetidylserine synthase","K17103"
"WP_010902556.1","QSJ49_RS04615","PLP-dependent aspartate aminotransferase family protein","K01758"
"WP_010902558.1","QSJ49_RS04625","ABC transporter ATP-binding protein","K02003"
"WP_010902567.1","QSJ49_RS04675","PotD/PotF family extracellular solute-binding protein","K11069"
"WP_010902571.1","QSJ49_RS04695","glycosyl hydrolase family 18 protein","K01183"
"WP_010902576.1","QSJ49_RS04725","molybdenum cofactor guanylyltransferase","K03752"
"WP_010902578.1","QSJ49_RS04735","dimethyl sulfoxide reductase transcriptional activator DmsR","K23348"
"WP_010902581.1","QSJ49_RS04750","sulfate reduction electron transfer complex DsrMKJOP subunit DsrO","K00184"
"WP_010902585.1","QSJ49_RS04770","metal-dependent transcriptional regulator","K03709"
"WP_010902599.1","QSJ49_RS04850","METTL5 family protein","K07579"
"WP_010902602.1","QSJ49_RS04865","imidazole glycerol phosphate synthase subunit HisF","K02500"
"WP_010902609.1","QSJ49_RS04900","transcription initiation factor IIB","K03124"
"WP_010902617.1","QSJ49_RS04940","DUF555 domain-containing protein","K09731"
"WP_010902622.1","QSJ49_RS04965","DNA topoisomerase IV subunit A","K03166"
"WP_010902626.1","QSJ49_RS04985","Rrf2 family transcriptional regulator","K07744"
"WP_010902630.1","QSJ49_RS05005","nucleoside phosphorylase","K00757"
"WP_010902631.1","QSJ49_RS05010","cytidine deaminase","K01489"
"WP_010902633.1","QSJ49_RS05020","ABC transporter permease","K23535"
"WP_010902634.1","QSJ49_RS05025","ABC transporter ATP-binding protein","K23537"
"WP_010902650.1","QSJ49_RS05105","iron ABC transporter permease","K02011"
"WP_010902663.1","QSJ49_RS05165","aldehyde dehydrogenase family protein","K00135"
"WP_010902666.1","QSJ49_RS05180","AAA family ATPase","K06873"
"WP_010902667.1","QSJ49_RS05185","chemotaxis protein CheW","K03408"
"WP_010902673.1","QSJ49_RS05215","ATPase domain-containing protein","K07331"
"WP_010902684.1","QSJ49_RS05260","chemotaxis protein CheF1","K09156"
"WP_010902685.1","QSJ49_RS05265","chemotaxis protein CheF2","K09156"
"WP_010902688.1","QSJ49_RS05280","chemotaxis protein CheC","K03410"
"WP_010902689.1","QSJ49_RS05285","chemotaxis protein CheC","K03410"
"WP_010902692.1","QSJ49_RS05300","chemotaxis protein CheY","K03413"
"WP_010902693.1","QSJ49_RS05305","chemotaxis protein CheW","K03408"
"WP_010902697.1","QSJ49_RS05325","PRC-barrel domain-containing protein","K28350"
"WP_010902734.1","QSJ49_RS05510","triose-phosphate isomerase","K01803"
"WP_010902735.1","QSJ49_RS05515","multiprotein bridging factor aMBF1","K03627"
"WP_010902736.1","QSJ49_RS05520","CDP-alcohol phosphatidyltransferase family protein","K17884"
"WP_010902737.1","QSJ49_RS05525","adenylate kinase family protein","K18532"
"WP_010902770.1","QSJ49_RS05710","class I adenylate-forming enzyme family protein","K01911"
"WP_010902774.1","QSJ49_RS05730","1%2C4-dihydroxy-2-naphthoyl-CoA synthase","K01661"
"WP_010902776.1","QSJ49_RS05740","isochorismate synthase MenF","K02552"
"WP_010902785.1","QSJ49_RS05790","CbiX/SirB N-terminal domain-containing protein","K03795"
"WP_010902793.1","QSJ49_RS05830","50S ribosomal protein P1","K02869"
"WP_010902794.1","QSJ49_RS05835","50S ribosomal protein L10","K02864"
"WP_010902795.1","QSJ49_RS05840","50S ribosomal protein L1","K02863"
"WP_010902796.1","QSJ49_RS05845","50S ribosomal protein L11","K02867"
"WP_010902800.1","QSJ49_RS05865","VOC family protein","K01759"
"WP_010902803.1","QSJ49_RS05880","class I SAM-dependent methyltransferase family protein","K15429"
"WP_010902807.1","QSJ49_RS05905","HTH-type transcriptional regulator LrpA1","K03718"
"WP_010902808.1","QSJ49_RS05910","thiamine pyrophosphate-dependent enzyme","K00175"
"WP_010902811.1","QSJ49_RS05925","Mrp/NBP35 family ATP-binding protein","K03593"
"WP_010902812.1","QSJ49_RS05935","30S ribosomal protein S13","K02952"
"WP_010902813.1","QSJ49_RS05940","30S ribosomal protein S4","K02986"
"WP_010902814.1","QSJ49_RS05945","30S ribosomal protein S11","K02948"
"WP_010902815.1","QSJ49_RS05950","DNA-directed RNA polymerase subunit D","K03047"
"WP_010902816.1","QSJ49_RS05960","50S ribosomal protein L18e","K02883"
"WP_010902817.1","QSJ49_RS05965","50S ribosomal protein L13","K02871"
"WP_010902818.1","QSJ49_RS05970","30S ribosomal protein S9","K02996"
"WP_010902819.1","QSJ49_RS05975","DNA-directed RNA polymerase subunit N","K03007"
"WP_010902821.1","QSJ49_RS05985","phosphopyruvate hydratase","K01689"
"WP_010902822.1","QSJ49_RS05990","30S ribosomal protein S2","K02967"
"WP_010902824.1","QSJ49_RS06000","mevalonate kinase","K00869"
"WP_010902826.1","QSJ49_RS06010","ribonuclease J","K12574"
"WP_010902827.1","QSJ49_RS06015","polyprenyl synthetase family protein","K13787"
"WP_010902832.1","QSJ49_RS06040","50S ribosomal protein L7Ae","K02936"
"WP_010902833.1","QSJ49_RS06045","30S ribosomal protein S28e","K02979"
"WP_010902834.1","QSJ49_RS06050","50S ribosomal protein L24e","K02896"
"WP_010902835.1","QSJ49_RS06055","nucleoside-diphosphate kinase","K00940"
"WP_010902837.1","QSJ49_RS06065","HemK2/MTQ2 family protein methyltransferase","K02493"
"WP_010902840.1","QSJ49_RS06080","DUF655 domain-containing protein","K07572"
"WP_010902841.1","QSJ49_RS06085","RNA polymerase Rpb4 family protein","K03051"
"WP_010902842.1","QSJ49_RS06090","50S ribosomal protein L21e","K02889"
"WP_010902845.1","QSJ49_RS06110","HVO_2753 family zinc finger protein","K07580"
"WP_010902848.1","QSJ49_RS06125","fibrillarin-like rRNA/tRNA 2'-O-methyltransferase","K04795"
"WP_010902851.1","QSJ49_RS06140","peptide-methionine (S)-S-oxide reductase MsrA","K07304"
"WP_010902854.1","QSJ49_RS06155","TIGR04347 family pseudo-SAM/SPASM protein","K22226"
"WP_010902860.1","QSJ49_RS06185","superoxide dismutase","K04564"
"WP_010902865.1","QSJ49_RS06210","peroxiredoxin","K03564"
"WP_010902870.1","QSJ49_RS06235","glutamate dehydrogenase GdhA2","K00261"
"WP_010902874.1","QSJ49_RS06260","formimidoylglutamase","K01479"
"WP_010902884.1","QSJ49_RS06315","DNA replication protein Orc8","K10725"
"WP_010902913.1","QSJ49_RS06480","DUF357 domain-containing protein","K09728"
"WP_010902915.1","QSJ49_RS06490","translation initiation factor IF-2 subunit beta","K03238"
"WP_010902918.1","QSJ49_RS06505","DNA-3-methyladenine glycosylase","K03660"
"WP_010902925.1","QSJ49_RS06540","ribosome assembly factor SBDS","K14574"
"WP_010902926.1","QSJ49_RS06545","Rpp14/Pop5 family protein","K03537"
"WP_010902931.1","QSJ49_RS06570","TrkH family potassium uptake protein","K03498"
"WP_010902933.1","QSJ49_RS06580","RNA-binding protein","K07581"
"WP_010902937.1","QSJ49_RS06595","peptidylprolyl isomerase","K03775"
"WP_010902939.1","QSJ49_RS06605","class IV adenylate cyclase","K05873"
"WP_010902947.1","QSJ49_RS06645","FAD-binding protein","K00239"
"WP_010902948.1","QSJ49_RS06650","succinate dehydrogenase/fumarate reductase iron-sulfur subunit","K00240"
"WP_010902949.1","QSJ49_RS06655","succinate dehydrogenase hydrophobic membrane anchor subunit","K00242"
"WP_010902951.1","QSJ49_RS06665","DNA-3-methyladenine glycosylase","K01247"
"WP_010902994.1","QSJ49_RS06890","vitamin B12 ABC transporter permease BtuC","K25133"
"WP_010903000.1","QSJ49_RS06920","Lrp/AsnC family transcriptional regulator","K03719"
"WP_010903001.1","QSJ49_RS06925","inositol monophosphatase","K01092"
"WP_010903012.1","QSJ49_RS07000","phosphopantetheine adenylyltransferase","K02201"
"WP_010903017.1","QSJ49_RS07025","DUF309 domain-containing protein","K09763"
"WP_010903018.1","QSJ49_RS07030","UPF0179 family protein","K09730"
"WP_010903021.1","QSJ49_RS07045","peptide-methionine (R)-S-oxide reductase MsrB","K07305"
"WP_010903023.1","QSJ49_RS07055","thioesterase family protein","K07107"
"WP_010903030.1","QSJ49_RS07090","bifunctional methylenetetrahydrofolate dehydrogenase/methenyltetrahydrofolate cyclohydrolase","K01491"
"WP_010903043.1","QSJ49_RS07155","30S ribosomal protein S17e","K02962"
"WP_010903069.1","QSJ49_RS07290","bacteriorhodopsin","K04641"
"WP_010903072.1","QSJ49_RS07305","hypothetical protein","K09723"
"WP_010903077.1","QSJ49_RS07330","RND family transporter","K07003"
"WP_010903081.1","QSJ49_RS07350","serine O-acetyltransferase","K00640"
"WP_010903082.1","QSJ49_RS07355","acyl-CoA dehydrogenase family protein","K00248"
"WP_010903089.1","QSJ49_RS07395","DUF420 domain-containing protein","K08976"
"WP_010903091.1","QSJ49_RS07405","50S ribosomal protein L37e","K02922"
"WP_010903105.1","QSJ49_RS07480","thymidine kinase","K00857"
"WP_010903109.1","QSJ49_RS07510","chemotaxis signal transducer protein Htr8","K03406"
"WP_010903110.1","QSJ49_RS07515","aspartate aminotransferase family protein","K00823"
"WP_010903113.1","QSJ49_RS07530","sodium-dependent transporter","K03308"
"WP_010903125.1","QSJ49_RS07590","succinate--CoA ligase subunit alpha","K01902"
"WP_010903126.1","QSJ49_RS07595","site-specific DNA-methyltransferase","K24451"
"WP_010903130.1","QSJ49_RS07635","MarR family transcriptional regulator","K07730"
"WP_010903131.1","QSJ49_RS07640","precorrin-6Y C5%2C15-methyltransferase (decarboxylating) subunit CbiT","K02191"
"WP_010903132.1","QSJ49_RS07645","cobalt-factor II C(20)-methyltransferase","K03394"
"WP_010903133.1","QSJ49_RS07650","cobalt-precorrin-4/precorrin-4 C(11)-methyltransferase","K05936"
"WP_010903167.1","QSJ49_RS07815","glycine cleavage system protein GcvH","K02437"
"WP_010903169.1","QSJ49_RS07835","chemotaxis protein CheC","K03410"
"WP_010903183.1","QSJ49_RS07905","NADP-dependent malic enzyme","K00029"
"WP_010903202.1","QSJ49_RS08005","anthranilate phosphoribosyltransferase","K00766"
"WP_010903214.1","QSJ49_RS08060","DNA repair and recombination protein RadB","K04484"
"WP_010903216.1","QSJ49_RS08070","CDC48 family AAA ATPase","K13525"
"WP_010903217.1","QSJ49_RS08075","30S ribosomal protein S8e","K02995"
"WP_010903227.1","QSJ49_RS08125","phytoene/squalene synthase family protein","K02291"
"WP_010903229.1","QSJ49_RS08135","prenyltransferase","K20616"
"WP_010903231.1","QSJ49_RS08145","methenyltetrahydromethanopterin cyclohydrolase","K01499"
"WP_010903233.1","QSJ49_RS08160","putative RNA uridine N3 methyltransferase","K09142"
"WP_010903234.1","QSJ49_RS08165","50S ribosomal protein L3","K02906"
"WP_010903236.1","QSJ49_RS08175","50S ribosomal protein L23","K02892"
"WP_010903237.1","QSJ49_RS08180","50S ribosomal protein L2","K02886"
"WP_010903238.1","QSJ49_RS08185","30S ribosomal protein S19","K02965"
"WP_010903239.1","QSJ49_RS08190","50S ribosomal protein L22","K02890"
"WP_010903240.1","QSJ49_RS08195","30S ribosomal protein S3","K02982"
"WP_010903241.1","QSJ49_RS08200","50S ribosomal protein L29","K02904"
"WP_010903242.1","QSJ49_RS08205","ribonuclease P protein component 1","K03538"
"WP_010903243.1","QSJ49_RS08210","30S ribosomal protein S17","K02961"
"WP_010903244.1","QSJ49_RS08215","50S ribosomal protein L14","K02874"
"WP_010903245.1","QSJ49_RS08220","50S ribosomal protein L24","K02895"
"WP_010903246.1","QSJ49_RS08225","30S ribosomal protein S4e","K02987"
"WP_010903249.1","QSJ49_RS08240","30S ribosomal protein S8","K02994"
"WP_010903250.1","QSJ49_RS08245","50S ribosomal protein L6","K02933"
"WP_010903251.1","QSJ49_RS08250","50S ribosomal protein L32e","K02912"
"WP_010903252.1","QSJ49_RS08255","50S ribosomal protein L19e","K02885"
"WP_010903253.1","QSJ49_RS08260","50S ribosomal protein L18","K02881"
"WP_010903254.1","QSJ49_RS08265","30S ribosomal protein S5","K02988"
"WP_010903256.1","QSJ49_RS08275","uL15m family ribosomal protein","K02876"
"WP_010903261.1","QSJ49_RS08305","adenylate kinase","K00939"
"WP_010903263.1","QSJ49_RS08315","(d)CMP kinase","K00945"
"WP_010903274.1","QSJ49_RS08390","DUF2071 domain-containing protein","K09166"
"WP_010903289.1","QSJ49_RS08475","agmatinase","K01480"
"WP_010903290.1","QSJ49_RS08480","translation initiation factor IF-5A","K03263"
"WP_010903296.1","QSJ49_RS08510","glutamyl-tRNA reductase","K02492"
"WP_010903300.1","QSJ49_RS08530","polyprenyl diphosphate synthase","K15888"
"WP_010903311.1","QSJ49_RS08580","pyridoxal 5'-phosphate synthase lyase subunit PdxS","K06215"
"WP_010903326.1","QSJ49_RS08665","glutamine-hydrolyzing carbamoyl-phosphate synthase small subunit","K01956"
"WP_010903336.1","QSJ49_RS08715","glutamine-hydrolyzing GMP synthase","K01951"
"WP_010903343.1","QSJ49_RS08745","cold shock domain-containing protein","K03704"
"WP_010903348.1","QSJ49_RS08775","ArsR family transcriptional regulator","K07721"
"WP_010903356.1","QSJ49_RS08815","carbohydrate kinase family protein","K26208"
"WP_010903366.1","QSJ49_RS08865","type II methionyl aminopeptidase","K01265"
"WP_010903368.1","QSJ49_RS08875","ABC transporter permease","K11071"
"WP_010903369.1","QSJ49_RS08880","PotD/PotF family extracellular solute-binding protein","K11069"
"WP_010903371.1","QSJ49_RS08890","isoaspartyl peptidase/L-asparaginase","K13051"
"WP_010903372.1","QSJ49_RS08895","NADP-dependent isocitrate dehydrogenase","K00031"
"WP_010903374.1","QSJ49_RS08905","hydroxymethylglutaryl-CoA reductase (NADPH)","K00021"
"WP_010903378.1","QSJ49_RS08925","quinolinate synthase NadA","K03517"
"WP_010903387.1","QSJ49_RS08965","ABC transporter ATP-binding protein","K01990"
"WP_010903393.1","QSJ49_RS08995","NAD(+)/NADH kinase","K00858"
"WP_010903394.1","QSJ49_RS09000","GTP cyclohydrolase MptA","K17488"
"WP_010903396.1","QSJ49_RS09005","TrmB family transcriptional regulator","K23356"
"WP_010903402.1","QSJ49_RS09040","Lrp/AsnC family transcriptional regulator","K22225"
"WP_010903407.1","QSJ49_RS09070","heptaprenylglyceryl phosphate synthase","K17104"
"WP_010903416.1","QSJ49_RS09115","dTMP kinase","K00943"
"WP_010903420.1","QSJ49_RS09135","2-phospho-L-lactate guanylyltransferase","K14941"
"WP_010903428.1","QSJ49_RS09180","phosphoribosylformylglycinamidine synthase I","K23265"
"WP_010903439.1","QSJ49_RS09235","tRNA guanosine(15) transglycosylase TgtA","K18779"
"WP_010903455.1","QSJ49_RS09320","tRNA (pseudouridine(54)-N(1))-methyltransferase TrmY","K16317"
"WP_010903458.1","QSJ49_RS09335","ribonuclease HII","K03470"
"WP_010903469.1","QSJ49_RS09390","translation initiation factor IF-2","K03243"
"WP_010903472.1","QSJ49_RS09415","proteasome-activating nucleotidase","K03420"
"WP_010903475.1","QSJ49_RS09430","tRNA pseudouridine(38-40) synthase TruA","K06173"
"WP_010903476.1","QSJ49_RS09435","histidine--tRNA ligase","K01892"
"WP_010903477.1","QSJ49_RS09440","alpha hydrolase","K07585"
"WP_010903479.1","QSJ49_RS09450","30S ribosomal protein S19e","K02966"
"WP_010903483.1","QSJ49_RS09470","UMP kinase","K09903"
"WP_010903494.1","QSJ49_RS09535","NAD+ synthase","K01916"
"WP_010903503.1","QSJ49_RS09580","RdgB/HAM1 family non-canonical purine NTP pyrophosphatase","K01519"
"WP_010903505.1","QSJ49_RS09590","bifunctional N(6)-L-threonylcarbamoyladenine synthase/serine/threonine protein kinase","K15904"
"WP_010903506.1","QSJ49_RS09595","30S ribosomal protein S27ae","K02977"
"WP_010903507.1","QSJ49_RS09600","30S ribosomal protein S24e","K02974"
"WP_010903510.1","QSJ49_RS09615","DNA-directed RNA polymerase","K03049"
"WP_010903512.1","QSJ49_RS09625","translation initiation factor IF-2 subunit gamma","K03242"
"WP_010903526.1","QSJ49_RS09695","50S ribosomal protein L40e","K02927"
"WP_010903543.1","QSJ49_RS09785","DUF418 domain-containing protein","K07148"
"WP_010903545.1","QSJ49_RS09800","Rid family detoxifying hydrolase","K09022"
"WP_010903546.1","QSJ49_RS09805","threonine ammonia-lyase","K01754"
"WP_010903551.1","QSJ49_RS09830","succinylglutamate desuccinylase/aspartoacylase family protein","K06987"
"WP_010903552.1","QSJ49_RS09835","threonine synthase","K01733"
"WP_010903558.1","QSJ49_RS09865","NCS2 family permease","K06901"
"WP_010903562.1","QSJ49_RS09885","proline dehydrogenase","K00318"
"WP_010903564.1","QSJ49_RS09895","branched-chain amino acid transaminase","K00826"
"WP_010903575.1","QSJ49_RS09945","V-type ATP synthase subunit D","K02120"
"WP_010903579.1","QSJ49_RS09965","ATP synthase subunit A","K02117"
"WP_010903580.1","QSJ49_RS09970","V-type ATP synthase subunit F","K02122"
"WP_010903582.1","QSJ49_RS09980","V-type ATP synthase subunit E","K02121"
"WP_010903593.1","QSJ49_RS10040","DUF373 family protein","K08975"
"WP_010903600.1","QSJ49_RS10075","RPA family protein","K09746"
"WP_010903627.1","QSJ49_RS10215","b(o/a)3-type cytochrome-c oxidase subunit 1","K02274"
"WP_010903639.1","QSJ49_RS10275","tryptophan--tRNA ligase","K01867"
"WP_010903641.1","QSJ49_RS10285","endonuclease NucS domain-containing protein","K03168"
"WP_010903644.1","QSJ49_RS10300","lipoyl synthase","K03644"
"WP_010903647.1","QSJ49_RS10315","dihydrolipoamide acetyltransferase family protein","K00627"
"WP_010903653.1","QSJ49_RS10345","KH domain-containing protein","K06961"
"WP_010903658.1","QSJ49_RS10370","translation initiation factor eIF-1A","K03236"
"WP_010903666.1","QSJ49_RS10410","TATA-box-binding protein","K03120"
"WP_010903672.1","QSJ49_RS10440","adenosylhomocysteinase","K01251"
"WP_010903677.1","QSJ49_RS10465","DNA polymerase sliding clamp","K04802"
"WP_010903678.1","QSJ49_RS10470","sodium:calcium antiporter","K07301"
"WP_010903679.1","QSJ49_RS10475","phosphoenolpyruvate carboxylase","K01595"
"WP_010903682.1","QSJ49_RS10495","23S rRNA (uridine(2552)-2'-O)-methyltransferase","K02427"
"WP_010903686.1","QSJ49_RS10515","twin-arginine translocase subunit TatC","K03118"
"WP_010903688.1","QSJ49_RS00005","ORC1-type DNA replication protein","K10725"
"WP_010903691.1","QSJ49_RS00020","GIY-YIG nuclease family protein","K07461"
"WP_010903695.1","QSJ49_RS00040","replication factor C small subunit","K04801"
"WP_010903707.1","QSJ49_RS00100","ferredoxin Fer2","K02639"
"WP_010903709.1","QSJ49_RS00110","imidazoleglycerol-phosphate dehydratase HisB","K01693"
"WP_010903715.1","QSJ49_RS00140","NAD(P)/FAD-dependent oxidoreductase","K00384"
"WP_010903718.1","QSJ49_RS00155","uracil phosphoribosyltransferase","K00761"
"WP_010903720.1","QSJ49_RS00165","inorganic phosphate transporter","K03306"
"WP_010903724.1","QSJ49_RS00195","L-threonylcarbamoyladenylate synthase","K07566"
"WP_010903750.1","QSJ49_RS00340","ABC transporter ATP-binding protein","K02032"
"WP_010903752.1","QSJ49_RS00350","ABC transporter permease","K02034"
"WP_010903760.1","QSJ49_RS00390","ABC transporter permease","K02033"
"WP_010903765.1","QSJ49_RS00415","malate dehydrogenase","K00016"
"WP_010903766.1","QSJ49_RS00430","ferredoxin","K05337"
"WP_010903769.1","QSJ49_RS00450","IMP cyclohydrolase","K11176"
"WP_010903772.1","QSJ49_RS00465","aspartate kinase","K00928"
"WP_010903774.1","QSJ49_RS00475","ABC transporter permease","K01992"
"WP_010903784.1","QSJ49_RS00525","excinuclease ABC subunit UvrB","K03702"
"WP_010903802.1","QSJ49_RS00610","DoxX family protein","K16937"
"WP_010903826.1","QSJ49_RS00730","DNA starvation/stationary phase protection protein DpsA","K04047"
"WP_010903831.1","QSJ49_RS00755","aminopeptidase","K19689"
"WP_010903838.1","QSJ49_RS00795","signal recognition particle protein Srp54","K03106"
"WP_010903842.1","QSJ49_RS00815","translation initiation factor IF-6","K03264"
"WP_010903843.1","QSJ49_RS00820","50S ribosomal protein L31e","K02910"
"WP_010903844.1","QSJ49_RS00825","50S ribosomal protein L39e","K02924"
"WP_010903847.1","QSJ49_RS00840","cysteine desulfurase","K11717"
"WP_010903848.1","QSJ49_RS00845","iron-sulfur cluster assembly scaffold protein","K04488"
"WP_010903850.1","QSJ49_RS00855","60S ribosomal export protein NMD3","K07562"
"WP_010903856.1","QSJ49_RS00895","phosphate ABC transporter permease PstA","K02038"
"WP_010903857.1","QSJ49_RS00900","phosphate ABC transporter permease subunit PstC","K02037"
"WP_010903861.1","QSJ49_RS00930","PHP domain-containing protein","K07053"
"WP_010903868.1","QSJ49_RS00965","HD domain-containing protein","K06885"
"WP_010903870.1","QSJ49_RS00975","phenylalanine--tRNA ligase subunit beta","K01890"
"WP_010903871.1","QSJ49_RS00980","quinone-dependent dihydroorotate dehydrogenase","K00254"
"WP_010903872.1","QSJ49_RS00985","non-histone chromosomal MC1 family protein","K28135"
"WP_010903877.1","QSJ49_RS01040","aldehyde dehydrogenase family protein","K00128"
"WP_010903880.1","QSJ49_RS01055","carbohydrate kinase family protein","K00852"
"WP_010903882.1","QSJ49_RS01065","hypothetical protein","K07097"
"WP_010903894.1","QSJ49_RS01125","dihydroorotase","K01465"
"WP_010903901.1","QSJ49_RS01160","TIGR00296 family protein","K09141"
"WP_010903904.1","QSJ49_RS01175","valine--tRNA ligase","K01873"
"WP_010903912.1","QSJ49_RS01225","ABC transporter ATP-binding protein","K23188"
"WP_010903916.1","QSJ49_RS01245","TrkH family potassium uptake protein","K03498"
"WP_010903920.1","QSJ49_RS01275","deoxyuridine 5'-triphosphate nucleotidohydrolase","K01520"
"WP_010903921.1","QSJ49_RS01280","S8 family peptidase","K14645"
"WP_010903930.1","QSJ49_RS01325","stress response translation initiation inhibitor YciH","K03113"
"WP_010903932.1","QSJ49_RS01335","coenzyme F420-0:L-glutamate ligase","K12234"
"WP_010903937.1","QSJ49_RS01360","GTPase","K06943"
"WP_010903939.1","QSJ49_RS01370","phosphoribosyl-ATP diphosphatase","K01523"
"WP_010903940.1","QSJ49_RS01375","bifunctional nuclease family protein","K08999"
"WP_010903941.1","QSJ49_RS01380","pyridoxal 5'-phosphate synthase glutaminase subunit PdxT","K08681"
"WP_010903943.1","QSJ49_RS01390","thioredoxin","K03671"
"WP_010903946.1","QSJ49_RS01405","sulfide-dependent adenosine diphosphate thiazole synthase","K22699"
"WP_010903948.1","QSJ49_RS01415","NADPH-dependent F420 reductase","K06988"
"WP_010903951.1","QSJ49_RS01430","archaemetzincin family Zn-dependent metalloprotease","K06974"
"WP_010903952.1","QSJ49_RS01435","GTPase HflX","K03665"
"WP_010903953.1","QSJ49_RS01440","ribosome biogenesis/translation initiation ATPase RLI","K06174"
"WP_010903956.1","QSJ49_RS01455","PINc/VapC family ATPase","K06865"
"WP_010903960.1","QSJ49_RS01485","ATP-dependent helicase","K03657"
"WP_010903980.1","QSJ49_RS01585","cell division protein SepF","K09152"
"WP_010903984.1","QSJ49_RS01605","ribonuclease R family protein","K12573"
"WP_010903985.1","QSJ49_RS01615","30S ribosomal protein S10","K02946"
"WP_010903986.1","QSJ49_RS01620","translation elongation factor EF-1 subunit alpha","K03231"
"WP_010903990.1","QSJ49_RS01635","elongation factor EF-2","K03234"
"WP_010903992.1","QSJ49_RS01645","30S ribosomal protein S7","K02992"
"WP_010903993.1","QSJ49_RS01650","30S ribosomal protein S12","K02950"
"WP_010903994.1","QSJ49_RS01655","NusA-like transcription termination signal-binding factor","K02600"
"WP_010903998.1","QSJ49_RS01675","DNA-directed RNA polymerase subunit B''","K03045"
"WP_010904058.1","QSJ49_RS10615","potassium-transporting ATPase subunit KdpC","K01548"
"WP_010904078.1","QSJ49_RS10540","Hsp20/alpha crystallin family protein","K13993"
"WP_010904091.1","QSJ49_RS11940","TrkA family potassium uptake protein","K03499"
"WP_010904097.1","QSJ49_RS11925","ParA family protein","K03496"
"WP_010904108.1","QSJ49_RS11865","gas vesicle structural protein GvpA","K23262"
"WP_010904119.1","QSJ49_RS11810","tubulin/FtsZ family protein","K22222"
"WP_010904127.1","QSJ49_RS11770","glycerol dehydrogenase","K00005"
"WP_010904152.1","QSJ49_RS11665","7-carboxy-7-deazaguanine synthase QueE","K10026"
"WP_010904153.1","QSJ49_RS11660","6-pyruvoyl tetrahydropterin synthase family protein","K01737"
"WP_010904159.1","QSJ49_RS11630","ornithine carbamoyltransferase","K00611"
"WP_010904169.1","QSJ49_RS11555","ABC transporter ATP-binding protein","K01990"
"WP_012289092.1","QSJ49_RS01910","cold-shock protein","K03704"
"WP_012289104.1","QSJ49_RS02100","CopG family ribbon-helix-helix protein","K07722"
"WP_012289116.1","QSJ49_RS02295","cell division protein FtsZ","K03531"
"WP_012289127.1","QSJ49_RS02435","50S ribosomal protein L37ae","K02921"
"WP_012289139.1","QSJ49_RS02720","type I 3-dehydroquinate dehydratase","K03785"
"WP_012289141.1","QSJ49_RS02855","DNA repair protein NreA","K22585"
"WP_012289157.1","QSJ49_RS03230","glutaredoxin","K07390"
"WP_012289160.1","QSJ49_RS03295","aldo/keto reductase","K06222"
"WP_012289167.1","QSJ49_RS03480","proteasome-activating nucleotidase","K03420"
"WP_012289174.1","QSJ49_RS03575","TMEM165/GDT1 family protein","K23541"
"WP_012289175.1","QSJ49_RS03580","metal-dependent transcriptional regulator","K03709"
"WP_012289179.1","QSJ49_RS03640","50S ribosomal protein L44e","K02929"
"WP_012289191.1","QSJ49_RS03880","PLP-dependent cysteine synthase family protein","K01738"
"WP_012289200.1","QSJ49_RS04000","NADH-quinone oxidoreductase subunit H","K00337"
"WP_012289214.1","QSJ49_RS04365","RNA 3'-terminal phosphate cyclase","K01974"
"WP_012289219.1","QSJ49_RS04470","transcription factor","K03136"
"WP_012289232.1","QSJ49_RS04720","type II/IV secretion system ATPase subunit","K07332"
"WP_012289242.1","QSJ49_RS04905","Asp-tRNA(Asn)/Glu-tRNA(Gln) amidotransferase subunit GatC","K02435"
"WP_012289252.1","QSJ49_RS05255","HEAT repeat domain-containing protein","K22221"
"WP_012289253.1","QSJ49_RS05270","protein-glutamate O-methyltransferase CheR","K00575"
"WP_012289261.1","QSJ49_RS05400","IMP dehydrogenase","K00088"
"WP_012289273.1","QSJ49_RS05695","DUF368 domain-containing protein","K08974"
"WP_012289282.1","QSJ49_RS05915","2-oxoacid:acceptor oxidoreductase subunit alpha","K00174"
"WP_012289293.1","QSJ49_RS06275","ribonuclease H-like domain-containing protein","K07502"
"WP_012289298.1","QSJ49_RS06425","hypothetical protein","K09228"
"WP_012289302.1","QSJ49_RS06555","RNase P subunit p30 family protein","K03539"
"WP_012289306.1","QSJ49_RS06660","succinate dehydrogenase%2C cytochrome b556 subunit","K00241"
"WP_012289315.1","QSJ49_RS06805","TrmJ/YjtD family RNA methyltransferase","K15396"
"WP_012289340.1","QSJ49_RS07345","HAD hydrolase-like protein","K01091"
"WP_012289349.1","QSJ49_RS07585","ADP-forming succinate--CoA ligase subunit beta","K01903"
"WP_012289362.1","QSJ49_RS07875","helix-turn-helix domain-containing protein","K07731"
"WP_012289377.1","QSJ49_RS08535","undecaprenyl diphosphate synthase family protein","K00806"
"WP_012289392.1","QSJ49_RS08795","ubiquitin-like small modifier protein 1","K03636"
"WP_012289404.1","QSJ49_RS09050","peptidylprolyl isomerase","K03767"
"WP_012289408.1","QSJ49_RS09125","tubulin/FtsZ family protein","K22222"
"WP_012289414.1","QSJ49_RS09380","NOB1 family endonuclease","K07060"
"WP_012289427.1","QSJ49_RS09690","DUF367 family protein","K09140"
"WP_012289432.1","QSJ49_RS09780","thermosome subunit beta","K22447"
"WP_012289434.1","QSJ49_RS09850","transcriptional regulator","K07728"
"WP_012289436.1","QSJ49_RS09880","CDP-2%2C3-bis-(O-geranylgeranyl)-sn-glycerol synthase","K19664"
"WP_012289438.1","QSJ49_RS09930","peptide chain release factor aRF-1","K03265"
"WP_012289444.1","QSJ49_RS10045","radical SAM protein","K07129"
"WP_012289450.1","QSJ49_RS10130","DEAD/DEAH box helicase","K03725"
"WP_012289457.1","QSJ49_RS10185","AAA family ATPase","K16692"
"WP_012289466.1","QSJ49_RS10365","serine/threonine-protein kinase Rio1","K07178"
"WP_012289470.1","QSJ49_RS10460","protein sorting system archaetidylserine decarboxylase","K01613"
"WP_012289477.1","QSJ49_RS00065","A24 family peptidase","K07991"
"WP_012289478.1","QSJ49_RS00120","amino acid-binding protein","K07103"
"WP_012289500.1","QSJ49_RS00590","DUF2073 domain-containing protein","K09743"
"WP_012289501.1","QSJ49_RS00595","Era-like GTP-binding protein","K03595"
"WP_012289508.1","QSJ49_RS00735","metallophosphoesterase","K07095"
"WP_012289511.1","QSJ49_RS00850","DNA repair and recombination protein RadA","K04483"
"WP_012289518.1","QSJ49_RS00955","acyl-CoA dehydrogenase family protein","K00252"
"WP_012289526.1","QSJ49_RS01290","ribosomal protein S18-alanine N-acetyltransferase","K03789"
"WP_012289610.1","QSJ49_RS10720","ParA family protein","K03496"
"WP_012289640.1","QSJ49_RS11650","aspartate carbamoyltransferase","K00609"
"WP_012289662.1","QSJ49_RS11435","extracellular solute-binding protein","K02055"
"WP_012289730.1","QSJ49_RS10860","arsenite methyltransferase","K07755"
"WP_049892486.1","QSJ49_RS03235","phosphate signaling complex protein PhoU","K02039"
"WP_049892515.1","QSJ49_RS08425","translation initiation factor eIF-1A","K03236"
"WP_049892532.1","QSJ49_RS10220","cytochrome c oxidase subunit II","K02275"
"WP_136360961.1","QSJ49_RS01170","aminopeptidase","K19689"
"WP_136360963.1","QSJ49_RS01180","ABC transporter substrate-binding protein","K02016"
"WP_136360966.1","QSJ49_RS01210","2Fe-2S iron-sulfur cluster-binding protein","K02639"
"WP_136360977.1","QSJ49_RS01310","NUDIX hydrolase","K01515"
"WP_136361000.1","QSJ49_RS01520","ROK family protein","K25026"
"WP_136361001.1","QSJ49_RS01530","SDR family oxidoreductase","K00059"
"WP_136361011.1","QSJ49_RS01660","DNA-directed RNA polymerase subunit A''","K03042"
"WP_136361012.1","QSJ49_RS01670","DNA-directed RNA polymerase subunit B","K03044"
"WP_136361060.1","QSJ49_RS01860","molybdopterin biosynthesis protein","K07219"
"WP_136361060.1","QSJ49_RS01860","molybdopterin biosynthesis protein","K03750"
"WP_136361072.1","QSJ49_RS01985","creatininase family protein","K01470"
"WP_136361122.1","QSJ49_RS04425","YeaH/YhbH family protein","K09786"
"WP_136361131.1","QSJ49_RS04540","adenylyltransferase/cytidyltransferase family protein","K14656"
"WP_136361135.1","QSJ49_RS04575","30S ribosomal protein S3ae","K02984"
"WP_136361142.1","QSJ49_RS04645","HD domain-containing protein","K09163"
"WP_136361219.1","QSJ49_RS10965","type II toxin-antitoxin system death-on-curing family toxin","K07341"
"WP_136361226.1","QSJ49_RS11055","inorganic phosphate transporter","K03306"
"WP_136361227.1","QSJ49_RS11060","YeeE/YedE family protein","K07112"
"WP_136361228.1","QSJ49_RS11065","YeeE/YedE family protein","K07112"
"WP_136361262.1","QSJ49_RS05015","ABC transporter permease","K23536"
"WP_136361299.1","QSJ49_RS05275","chemotaxis protein CheD","K03411"
"WP_136361302.1","QSJ49_RS05295","protein-glutamate methylesterase CheB","K03412"
"WP_136361311.1","QSJ49_RS05375","acetate--CoA ligase","K01895"
"WP_136361384.1","QSJ49_RS05720","1%2C4-dihydroxy-2-naphthoate polyprenyltransferase","K02548"
"WP_136361402.1","QSJ49_RS06005","isopentenyl phosphate kinase","K06981"
"WP_136361406.1","QSJ49_RS06075","16S ribosomal RNA methyltransferase A","K02528"
"WP_136361429.1","QSJ49_RS06270","histidine ammonia-lyase","K01745"
"WP_136361431.1","QSJ49_RS06290","phosphoglycerate kinase","K00927"
"WP_136361433.1","QSJ49_RS06300","uridine kinase","K00876"
"WP_136361436.1","QSJ49_RS06330","uracil-DNA glycosylase family protein","K21929"
"WP_136361455.1","QSJ49_RS06465","2%2C5-diamino-6-(ribosylamino)-4(3H)-pyrimidinone 5'-phosphate reductase","K14654"
"WP_136361467.1","QSJ49_RS06625","PLP-dependent cysteine synthase family protein","K01738"
"WP_136361491.1","QSJ49_RS07655","cobalt-precorrin 5A hydrolase","K02189"
"WP_136361492.1","QSJ49_RS07660","SAM-dependent methyltransferase","K05934"
"WP_136361531.1","QSJ49_RS09920","4-demethylwyosine synthase TYW1","K15449"
"WP_136361584.1","QSJ49_RS10425","ATP phosphoribosyltransferase","K00765"
"WP_136361599.1","QSJ49_RS00060","phosphoribosyl-AMP cyclohydrolase","K01496"
"WP_136361613.1","QSJ49_RS00180","peroxiredoxin","K24129"
"WP_136361622.1","QSJ49_RS00250","porphobilinogen synthase","K01698"
"WP_136361648.1","QSJ49_RS00460","tryptophanase","K01667"
"WP_136361662.1","QSJ49_RS00580","MATE family efflux transporter","K26937"
"WP_136361714.1","QSJ49_RS11225","cytochrome ubiquinol oxidase subunit I","K00425"
"WP_136361715.1","QSJ49_RS11220","cytochrome d ubiquinol oxidase subunit II","K00426"
"WP_136361725.1","QSJ49_RS11155","hypothetical protein","K00901"
"WP_148265491.1","QSJ49_RS03435","MFS transporter","K08221"
"WP_158308649.1","QSJ49_RS10785","AAA family ATPase","K13525"
"WP_158308650.1","QSJ49_RS11030","C2H2-type zinc finger protein","K22870"
"WP_168731176.1","QSJ49_RS01505","PrsW family intramembrane metalloprotease","K24131"
"WP_168731194.1","QSJ49_RS01500","riboflavin synthase","K00793"
"WP_168731199.1","QSJ49_RS11160","tetratricopeptide repeat protein","K09667"
"WP_176705155.1","QSJ49_RS11930","TrkA family potassium uptake protein","K03499"
"WP_176705167.1","QSJ49_RS11845","TrkA family potassium uptake protein","K03499"
"WP_176705180.1","QSJ49_RS11745","sugar ABC transporter permease","K05814"
"WP_176705181.1","QSJ49_RS11740","carbohydrate ABC transporter permease","K05815"
"WP_176705197.1","QSJ49_RS11640","arginine--tRNA ligase","K01887"
"WP_176705198.1","QSJ49_RS11635","Na+/H+ antiporter NhaC family protein","K03315"
"WP_176705202.1","QSJ49_RS11615","IclR family transcriptional regulator","K21827"
"WP_176705217.1","QSJ49_RS11410","DEAD/DEAH box helicase","K06877"
"WP_176705229.1","QSJ49_RS11475","DASS family sodium-coupled anion symporter","K14445"
"WP_176705234.1","QSJ49_RS11510","chemotaxis signal transducer protein Car","K03406"
"WP_176705336.1","QSJ49_RS10610","universal stress protein","K23347"
"WP_176705350.1","QSJ49_RS11765","orc1/cdc6 family replication initiation protein","K10725"
"WP_197535909.1","QSJ49_RS07755","NTP transferase domain-containing protein","K19712"
"WP_205250656.1","QSJ49_RS11625","carbamate kinase","K00926"
"WP_205250657.1","QSJ49_RS11620","arginine deiminase family protein","K01478"
"WP_205250658.1","QSJ49_RS11605","SMC-like protein Sph1","K24719"
"WP_205250669.1","QSJ49_RS11505","ABC transporter ATP-binding protein","K01990"
"WP_205250680.1","QSJ49_RS10750","DNA cytosine methyltransferase","K00558"
"WP_205250685.1","QSJ49_RS10580","cell division control protein 6-like protein","K10725"
"WP_205250691.1","QSJ49_RS11935","APC family permease","K03294"
"WP_205250697.1","QSJ49_RS11870","gas vesicle protein GvpD basic region 2 domain-containing protein","K23307"
"WP_205250698.1","QSJ49_RS11860","gas vesicle protein GvpC","K23263"
"WP_205250701.1","QSJ49_RS11820","biotin/lipoate A/B protein ligase family protein","K03800"
"WP_205250703.1","QSJ49_RS11805","sodium-dependent transporter","K03308"
"WP_205250704.1","QSJ49_RS11800","metal ABC transporter permease","K09816"
"WP_205250705.1","QSJ49_RS11795","metal ABC transporter ATP-binding protein","K09817"
"WP_205250706.1","QSJ49_RS11790","metal ABC transporter substrate-binding protein","K09815"
"WP_205250709.1","QSJ49_RS11750","ABC transporter substrate-binding protein","K05813"
"WP_205250710.1","QSJ49_RS11735","ABC transporter ATP-binding protein","K10112"
"WP_205250712.1","QSJ49_RS11725","catalase/peroxidase HPI","K03782"
"WP_205250718.1","QSJ49_RS11690","acyl CoA:acetate/3-ketoacid CoA transferase","K01026"
"WP_205250720.1","QSJ49_RS11680","alkaline phosphatase","K01077"
"WP_205250721.1","QSJ49_RS11675","hemolysin family protein","K03699"
"WP_205250722.1","QSJ49_RS11670","7-cyano-7-deazaguanine synthase QueC","K06920"
"WP_205250788.1","QSJ49_RS07065","DUF63 family protein","K28565"
"WP_205250789.1","QSJ49_RS07070","YcaO-like family protein","K09136"
"WP_205250791.1","QSJ49_RS07085","serine hydroxymethyltransferase","K00600"
"WP_205250793.1","QSJ49_RS07100","alpha/beta fold hydrolase","K06889"
"WP_205250800.1","QSJ49_RS07140","2-phospho-L-lactate transferase","K11212"
"WP_205250802.1","QSJ49_RS07150","deoxyhypusine synthase","K00809"
"WP_205250803.1","QSJ49_RS07160","aspartate-semialdehyde dehydrogenase","K00133"
"WP_205250809.1","QSJ49_RS07215","transcriptional regulator TrmB","K23356"
"WP_205250810.1","QSJ49_RS07220","translation initiation factor eIF-2B","K03680"
"WP_205250814.1","QSJ49_RS07240","archease","K24956"
"WP_205250816.1","QSJ49_RS07250","phytoene/squalene synthase family protein","K02291"
"WP_205250817.1","QSJ49_RS07265","AAA family ATPase","K13525"
"WP_205250818.1","QSJ49_RS07275","bacterioopsin transcriptional activator Bat","K06930"
"WP_205250819.1","QSJ49_RS07280","Brp/Blh family beta-carotene 15%2C15'-dioxygenase","K21817"
"WP_205250820.1","QSJ49_RS07300","DNA primase small subunit PriS","K02683"
"WP_205250821.1","QSJ49_RS07310","CDC48 family AAA ATPase","K13525"
"WP_205250825.1","QSJ49_RS07335","3-methyl-2-oxobutanoate hydroxymethyltransferase","K00606"
"WP_205250827.1","QSJ49_RS07400","amidophosphoribosyltransferase","K00764"
"WP_205250831.1","QSJ49_RS07435","DEAD/DEAH box helicase","K10742"
"WP_205250834.1","QSJ49_RS07450","mRNA surveillance protein pelota","K06965"
"WP_205250835.1","QSJ49_RS07460","tRNA uridine(34) 5-carboxymethylaminomethyl modification radical SAM/GNAT enzyme Elp3","K07739"
"WP_205250841.1","QSJ49_RS07500","A/G-specific adenine glycosylase","K03575"
"WP_205250843.1","QSJ49_RS07525","sodium-dependent transporter","K03308"
"WP_205250846.1","QSJ49_RS07545","acetyl/propionyl/methylcrotonyl-CoA carboxylase subunit alpha","K11263"
"WP_205250849.1","QSJ49_RS07570","HD domain-containing protein","K06885"
"WP_205250851.1","QSJ49_RS07600","chloride channel protein","K03281"
"WP_205250854.1","QSJ49_RS07620","cob(I)yrinic acid a%2Cc-diamide adenosyltransferase","K00798"
"WP_205250855.1","QSJ49_RS07665","precorrin-3B C(17)-methyltransferase","K05934"
"WP_205250857.1","QSJ49_RS07680","CbiX/SirB N-terminal domain-containing protein","K03795"
"WP_205250859.1","QSJ49_RS07695","VWA domain-containing protein","K03404"
"WP_205250860.1","QSJ49_RS07700","cobaltochelatase subunit CobN","K02230"
"WP_205250861.1","QSJ49_RS07705","precorrin-8X methylmutase","K06042"
"WP_205250862.1","QSJ49_RS07710","cobalt-precorrin-7 (C(5))-methyltransferase","K03399"
"WP_205250865.1","QSJ49_RS07735","cobyric acid synthase","K02232"
"WP_205250867.1","QSJ49_RS07745","cobalamin biosynthesis protein","K02227"
"WP_205250868.1","QSJ49_RS07750","adenosylcobinamide-GDP ribazoletransferase","K02233"
"WP_205250872.1","QSJ49_RS07795","extracellular solute-binding protein","K15495"
"WP_205250875.1","QSJ49_RS07820","glycine cleavage system aminomethyltransferase GcvT","K00605"
"WP_205250879.1","QSJ49_RS07850","TatD family hydrolase","K07049"
"WP_205250894.1","QSJ49_RS07940","energy-coupling factor ABC transporter substrate-binding protein","K02009"
"WP_205250895.1","QSJ49_RS07945","energy-coupling factor ABC transporter permease","K02007"
"WP_205250898.1","QSJ49_RS07980","adenosylcobalamin-dependent ribonucleoside-diphosphate reductase","K00525"
"WP_205250899.1","QSJ49_RS07990","anthranilate synthase component II","K01658"
"WP_205250900.1","QSJ49_RS07995","anthranilate synthase component I","K01657"
"WP_205250901.1","QSJ49_RS08000","phosphoribosylanthranilate isomerase","K01817"
"WP_205250907.1","QSJ49_RS08040","sensory rhodopsin I transducer Htr1","K03406"
"WP_205250911.1","QSJ49_RS08090","orotidine-5'-phosphate decarboxylase","K01591"
"WP_205250914.1","QSJ49_RS08110","GTPBP1 family GTP-binding protein","K03231"
"WP_205250917.1","QSJ49_RS08130","bisanhydrobacterioruberin hydratase","K08977"
"WP_205250919.1","QSJ49_RS08170","50S ribosomal protein L4","K02930"
"WP_205250920.1","QSJ49_RS08230","50S ribosomal protein L5","K02931"
"WP_205250921.1","QSJ49_RS08270","50S ribosomal protein L30","K02907"
"WP_205250922.1","QSJ49_RS08280","preprotein translocase subunit SecY","K03076"
"WP_205250925.1","QSJ49_RS08295","potassium transporter TrkG","K03498"
"WP_205250926.1","QSJ49_RS08320","RNA-guided pseudouridylation complex pseudouridine synthase subunit Cbf5","K03177"
"WP_205250928.1","QSJ49_RS08335","methyl-accepting chemotaxis protein","K03406"
"WP_205250929.1","QSJ49_RS08345","MOSC domain-containing protein","K07140"
"WP_205250933.1","QSJ49_RS08370","transcription factor S","K03057"
"WP_205250935.1","QSJ49_RS08385","ZIP family metal transporter","K07238"
"WP_205250936.1","QSJ49_RS08400","redox-regulated ATPase YchF","K06942"
"WP_205250938.1","QSJ49_RS08415","deoxyribodipyrimidine photo-lyase","K01669"
"WP_205250939.1","QSJ49_RS08420","phytoene desaturase family protein","K20611"
"WP_205250940.1","QSJ49_RS08435","chemotaxis signal transducer protein Htr7","K03406"
"WP_205250941.1","QSJ49_RS08440","chemotaxis signal transducer protein CosT","K03406"
"WP_205250944.1","QSJ49_RS08465","sensory rhodopsin II transducer Htr2","K03406"
"WP_205250946.1","QSJ49_RS08485","creatininase family protein","K01470"
"WP_205250949.1","QSJ49_RS08500","HAD family hydrolase","K01091"
"WP_205250950.1","QSJ49_RS08505","4a-hydroxytetrahydrobiopterin dehydratase","K01724"
"WP_205250951.1","QSJ49_RS08515","bifunctional precorrin-2 dehydrogenase/sirohydrochlorin ferrochelatase","K24866"
"WP_205250952.1","QSJ49_RS08520","Lrp/AsnC family transcriptional regulator","K22225"
"WP_205250953.1","QSJ49_RS08545","DNA primase DnaG","K02316"
"WP_205250962.1","QSJ49_RS08620","Hsp20/alpha crystallin family protein","K13993"
"WP_205250967.1","QSJ49_RS08660","carbamoyl-phosphate synthase large subunit","K01955"
"WP_205250968.1","QSJ49_RS08675","NUDIX domain-containing protein","K01823"
"WP_205250971.1","QSJ49_RS08695","molybdenum cofactor biosynthesis protein B","K03638"
"WP_205250972.1","QSJ49_RS08700","5-formyltetrahydrofolate cyclo-ligase","K01934"
"WP_205250974.1","QSJ49_RS08720","CTP synthase","K01937"
"WP_205250976.1","QSJ49_RS08730","alpha/beta hydrolase","K07018"
"WP_205250977.1","QSJ49_RS08735","redoxin domain-containing protein","K03564"
"WP_205250978.1","QSJ49_RS08740","threonine--tRNA ligase","K01868"
"WP_205250979.1","QSJ49_RS08750","dipeptide epimerase","K19802"
"WP_205250980.1","QSJ49_RS08755","DUF1611 domain-containing protein","K26272"
"WP_205250982.1","QSJ49_RS08780","Glu-tRNA(Gln) amidotransferase subunit GatD","K09482"
"WP_205250983.1","QSJ49_RS08790","glycerophosphodiester phosphodiesterase","K01126"
"WP_205250984.1","QSJ49_RS08800","NAD-binding protein","K10716"
"WP_205250986.1","QSJ49_RS08810","nucleoside phosphorylase","K00757"
"WP_205250987.1","QSJ49_RS08820","DUF63 family protein","K28566"
"WP_205250988.1","QSJ49_RS08825","ribose 1%2C5-bisphosphate isomerase","K08963"
"WP_205250989.1","QSJ49_RS08830","chemotaxis signal transducer protein BasT","K03406"
"WP_205250990.1","QSJ49_RS08835","chemotactic signal transduction system substrate-binding protein BasB","K23315"
"WP_205250991.1","QSJ49_RS08840","deoxyribose-phosphate aldolase","K01619"
"WP_205250992.1","QSJ49_RS08845","tRNA (N(6)-L-threonylcarbamoyladenosine(37)-C(2))-methylthiotransferase","K15865"
"WP_205250993.1","QSJ49_RS08855","HIT domain-containing protein","K19710"
"WP_205250994.1","QSJ49_RS08870","ABC transporter permease","K11070"
"WP_205250995.1","QSJ49_RS08885","ABC transporter ATP-binding protein","K11072"
"WP_205250997.1","QSJ49_RS08915","thiamine ABC transporter substrate binding subunit","K02064"
"WP_205250999.1","QSJ49_RS08930","FAD-dependent oxidoreductase","K00278"
"WP_205251000.1","QSJ49_RS08935","carboxylating nicotinate-nucleotide diphosphorylase","K00767"
"WP_205251001.1","QSJ49_RS08940","TrmB family transcriptional regulator","K23356"
"WP_205251002.1","QSJ49_RS08945","multidrug efflux SMR transporter protein HsmR","K03297"
"WP_205251003.1","QSJ49_RS08950","2%2C3-bisphosphoglycerate-independent phosphoglycerate mutase","K15633"
"WP_205251008.1","QSJ49_RS09010","DUF255 domain-containing protein","K06888"
"WP_205251011.1","QSJ49_RS09045","anthranilate phosphoribosyltransferase","K00766"
"WP_205251013.1","QSJ49_RS09075","CrcB family protein","K06199"
"WP_205251014.1","QSJ49_RS09080","CrcB family protein","K06199"
"WP_205251016.1","QSJ49_RS09095","TrkA family potassium uptake protein","K03499"
"WP_205251021.1","QSJ49_RS09145","7%2C8-didemethyl-8-hydroxy-5-deazariboflavin synthase subunit CofH","K11781"
"WP_205251022.1","QSJ49_RS09150","phosphoribosylaminoimidazolesuccinocarboxamide synthase","K01923"
"WP_205251025.1","QSJ49_RS09165","archaeosine biosynthesis radical SAM protein RaSEA","K06936"
"WP_205251027.1","QSJ49_RS09190","formyltransferase family protein","K01433"
"WP_205251034.1","QSJ49_RS09230","archaeosine synthase subunit alpha","K07557"
"WP_205251035.1","QSJ49_RS09245","NUDIX hydrolase","K01515"
"WP_205251038.1","QSJ49_RS09265","glycerol kinase GlpK","K00864"
"WP_205251039.1","QSJ49_RS09270","anaerobic glycerol-3-phosphate dehydrogenase subunit GlpA","K00111"
"WP_205251040.1","QSJ49_RS09275","glycerol-3-phosphate dehydrogenase subunit GlpB","K00112"
"WP_205251041.1","QSJ49_RS09280","anaerobic glycerol-3-phosphate dehydrogenase subunit C","K00113"
"WP_205251048.1","QSJ49_RS09330","tRNA pseudouridine(54/55) synthase Pus10","K07583"
"WP_205251050.1","QSJ49_RS09345","endonuclease NucS","K07503"
"WP_205251051.1","QSJ49_RS09350","preprotein translocase subunit SecD","K03072"
"WP_205251052.1","QSJ49_RS09355","protein translocase subunit SecF","K03074"
"WP_205251055.1","QSJ49_RS09370","glucose-6-phosphate isomerase","K01810"
"WP_205251056.1","QSJ49_RS09375","CPBP family intramembrane glutamic endopeptidase","K07052"
"WP_205251059.1","QSJ49_RS09410","pyruvoyl-dependent arginine decarboxylase","K02626"
"WP_205251060.1","QSJ49_RS09420","oligoendopeptidase F","K08602"
"WP_205251062.1","QSJ49_RS09455","thiamine-phosphate kinase","K00946"
"WP_205251064.1","QSJ49_RS09475","lysine--tRNA ligase","K04566"
"WP_205251078.1","QSJ49_RS09635","MBL fold metallo-hydrolase","K06167"
"WP_205251081.1","QSJ49_RS09650","thiolase family protein","K00632"
"WP_205251084.1","QSJ49_RS09670","long-chain fatty acid--CoA ligase","K01897"
"WP_205251085.1","QSJ49_RS09680","serine--tRNA ligase","K01875"
"WP_205251089.1","QSJ49_RS09710","MBL fold metallo-hydrolase","K01069"
"WP_205251090.1","QSJ49_RS09720","DUF99 family protein","K09120"
"WP_205251091.1","QSJ49_RS09730","phosphonate ABC transporter%2C permease protein PhnE","K02042"
"WP_205251092.1","QSJ49_RS09735","phosphonate ABC transporter ATP-binding protein","K02041"
"WP_205251093.1","QSJ49_RS09740","phosphate/phosphite/phosphonate ABC transporter substrate-binding protein","K02044"
"WP_205251094.1","QSJ49_RS09745","imidazole glycerol phosphate synthase subunit HisH","K02501"
"WP_205251095.1","QSJ49_RS09755","tRNA (guanine(26)-N(2))-dimethyltransferase","K00555"
"WP_205251098.1","QSJ49_RS09770","type I glutamate--ammonia ligase","K01915"
"WP_205251101.1","QSJ49_RS09815","citrate synthase","K01659"
"WP_205251103.1","QSJ49_RS09845","tRNA(Ile)(2)-agmatinylcytidine synthase","K06932"
"WP_205251104.1","QSJ49_RS09875","orotate phosphoribosyltransferase","K00762"
"WP_205251105.1","QSJ49_RS09900","Na+/H+ antiporter NhaC family protein","K03315"
"WP_205251107.1","QSJ49_RS09910","3%2C4-dihydroxy-2-butanone-4-phosphate synthase","K02858"
"WP_205251108.1","QSJ49_RS09915","DUF120 domain-containing protein","K07732"
"WP_205251109.1","QSJ49_RS09925","MinD/ParA family protein","K03609"
"WP_205251112.1","QSJ49_RS09960","ATP synthase subunit B","K02118"
"WP_205251113.1","QSJ49_RS09975","V-type ATP synthase subunit C","K02119"
"WP_205251114.1","QSJ49_RS09990","V-type ATP synthase subunit I","K02123"
"WP_205251117.1","QSJ49_RS10020","electron transfer flavoprotein subunit beta/FixA family protein","K03521"
"WP_205251118.1","QSJ49_RS10025","electron transfer flavoprotein subunit alpha/FixB family protein","K03522"
"WP_205251122.1","QSJ49_RS10060","SDR family oxidoreductase","K00059"
"WP_205251123.1","QSJ49_RS10065","sugar phosphate nucleotidyltransferase","K00971"
"WP_205251131.1","QSJ49_RS10175","transcription initiation factor IIB family protein","K03124"
"WP_205251133.1","QSJ49_RS10190","HIT family protein","K02503"
"WP_205251134.1","QSJ49_RS10205","isoleucine--tRNA ligase","K01870"
"WP_205251136.1","QSJ49_RS10240","heavy metal translocating P-type ATPase","K17686"
"WP_205251138.1","QSJ49_RS10250","ribose-phosphate pyrophosphokinase","K00948"
"WP_205251141.1","QSJ49_RS10265","phosphoglucosamine mutase","K15778"
"WP_205251143.1","QSJ49_RS10280","tRNA-intron lyase","K01170"
"WP_205251144.1","QSJ49_RS10290","DEAD/DEAH box helicase","K12854"
"WP_205251145.1","QSJ49_RS10295","MATE family efflux transporter","K26937"
"WP_205251147.1","QSJ49_RS10310","alpha-ketoacid dehydrogenase subunit beta","K00162"
"WP_205251148.1","QSJ49_RS10320","dihydrolipoyl dehydrogenase","K00382"
"WP_205251149.1","QSJ49_RS10325","prephenate dehydratase","K04518"
"WP_205251150.1","QSJ49_RS10330","leucine--tRNA ligase","K01869"
"WP_205251151.1","QSJ49_RS10335","ornithine cyclodeaminase family protein","K19244"
"WP_205251153.1","QSJ49_RS10360","tryptophan--tRNA ligase","K01867"
"WP_205251154.1","QSJ49_RS10380","tyrosine--tRNA ligase","K01866"
"WP_205251155.1","QSJ49_RS10385","DUF460 domain-containing protein","K09150"
"WP_205251156.1","QSJ49_RS10390","ribonuclease Z","K00784"
"WP_205251157.1","QSJ49_RS10395","AAA family ATPase","K04801"
"WP_205251159.1","QSJ49_RS10405","TIGR01177 family methyltransferase","K07446"
"WP_205251161.1","QSJ49_RS10435","amidohydrolase","K12960"
"WP_205251162.1","QSJ49_RS10445","Holliday junction resolvase Hjc","K03552"
"WP_205251163.1","QSJ49_RS10455","DNA primase regulatory subunit PriL","K18882"
"WP_205251166.1","QSJ49_RS10500","queuosine precursor transporter","K09125"
"WP_205251167.1","QSJ49_RS10510","Sec-independent protein translocase TatC","K03118"
"WP_205251168.1","QSJ49_RS10520","endonuclease MutS2","K07456"
"WP_205251169.1","QSJ49_RS00010","ribose 5-phosphate isomerase A","K01807"
"WP_205251170.1","QSJ49_RS00045","glutathione S-transferase family protein","K07393"
"WP_205251172.1","QSJ49_RS00055","alanine--tRNA ligase","K01872"
"WP_205251173.1","QSJ49_RS00070","methylaspartate mutase subunit S","K01846"
"WP_205251174.1","QSJ49_RS00075","methylaspartate mutase subunit E","K19268"
"WP_205251175.1","QSJ49_RS00080","methylaspartate ammonia-lyase","K04835"
"WP_205251176.1","QSJ49_RS00085","MaoC family dehydratase","K18290"
"WP_205251177.1","QSJ49_RS00090","acetyl-CoA hydrolase/transferase family protein","K18118"
"WP_205251179.1","QSJ49_RS00105","1-(5-phosphoribosyl)-5-[(5-phosphoribosylamino)methylideneamino]imidazole-4-carboxamide isomerase","K01814"
"WP_205251193.1","QSJ49_RS00290","DHH family phosphoesterase","K07462"
"WP_205251211.1","QSJ49_RS00315","PPC domain-containing DNA-binding protein","K06934"
"WP_205251250.1","QSJ49_RS00645","homoserine O-acetyltransferase","K00641"
"WP_205251258.1","QSJ49_RS00700","argininosuccinate lyase","K01755"
"WP_205251259.1","QSJ49_RS00705","argininosuccinate synthase","K01940"
"WP_205251261.1","QSJ49_RS00750","low specificity L-threonine aldolase","K01620"
"WP_205251263.1","QSJ49_RS00805","signal recognition particle-docking protein FtsY","K03110"
"WP_205251265.1","QSJ49_RS00860","class I SAM-dependent methyltransferase family protein","K07055"
"WP_205251268.1","QSJ49_RS00890","phosphate ABC transporter ATP-binding protein PstB","K02036"
"WP_205251269.1","QSJ49_RS00905","substrate-binding domain-containing protein","K02040"
"WP_205251271.1","QSJ49_RS00960","type 1 glutamine amidotransferase","K01951"
"WP_205251272.1","QSJ49_RS00970","phenylalanine--tRNA ligase subunit alpha","K01889"
"WP_205251274.1","QSJ49_RS01035","MBL fold metallo-hydrolase","K07577"
"WP_205251275.1","QSJ49_RS01045","30S ribosomal protein S6e","K02991"
"WP_205251277.1","QSJ49_RS01060","BtpA/SgcQ family protein","K06971"
"WP_205251279.1","QSJ49_RS01100","ABC transporter ATP-binding protein","K02031"
"WP_205251279.1","QSJ49_RS01100","ABC transporter ATP-binding protein","K02032"
"WP_205251280.1","QSJ49_RS01105","ABC transporter substrate-binding protein","K12368"
"WP_205251282.1","QSJ49_RS01115","ABC transporter permease","K12370"
"WP_205251284.1","QSJ49_RS01130","biotin/lipoate A/B protein ligase family protein","K16869"
"WP_205251288.1","QSJ49_RS01155","nicotinate phosphoribosyltransferase","K00763"
"WP_205251289.1","QSJ49_RS01185","iron ABC transporter permease","K02015"
"WP_205251290.1","QSJ49_RS01200","NADP-dependent phosphogluconate dehydrogenase","K00033"
"WP_205251292.1","QSJ49_RS01230","iron ABC transporter permease","K02015"
"WP_205251293.1","QSJ49_RS01235","ABC transporter substrate-binding protein","K02016"
"WP_205251297.1","QSJ49_RS01410","bifunctional hydroxymethylpyrimidine kinase/phosphomethylpyrimidine kinase","K00941"
"WP_205251298.1","QSJ49_RS01460","carboxypeptidase M32","K01299"
"WP_205251303.1","QSJ49_RS01510","ribonuclease E/G","K22469"
"WP_205251304.1","QSJ49_RS01545","excinuclease ABC subunit UvrA","K03701"
"WP_205251308.1","QSJ49_RS01565","aminomethyltransferase family protein","K00605"
"WP_205251311.1","QSJ49_RS01625","homoserine dehydrogenase","K00003"
"WP_205251314.1","QSJ49_RS01665","DNA-directed RNA polymerase subunit A'","K03041"
"WP_205251315.1","QSJ49_RS01690","archaeosortase A","K24447"
"WP_205251323.1","QSJ49_RS01740","STT3 domain-containing protein","K07151"
"WP_205251324.1","QSJ49_RS01745","glutamine--fructose-6-phosphate transaminase (isomerizing)","K00820"
"WP_205251326.1","QSJ49_RS01755","bifunctional sugar-1-phosphate nucleotidylyltransferase/acetyltransferase","K23144"
"WP_205251339.1","QSJ49_RS01825","SDR family oxidoreductase","K02473"
"WP_205251340.1","QSJ49_RS01845","molybdopterin synthase","K03635"
"WP_205251341.1","QSJ49_RS01855","GTP 3'%2C8-cyclase MoaA","K03639"
"WP_205251342.1","QSJ49_RS01865","gephyrin-like molybdotransferase Glp","K03750"
"WP_205251343.1","QSJ49_RS01870","protein-L-isoaspartate O-methyltransferase","K00573"
"WP_205251345.1","QSJ49_RS01890","type II glyceraldehyde-3-phosphate dehydrogenase","K00150"
"WP_205251346.1","QSJ49_RS01920","C-terminal binding protein","K00058"
"WP_205251352.1","QSJ49_RS01980","ABC transporter ATP-binding protein","K06147"
"WP_205251354.1","QSJ49_RS02000","NAD-dependent glucose-6-phosphate dehydrogenase Azf","K18981"
"WP_205251358.1","QSJ49_RS02035","single-stranded DNA binding protein","K07466"
"WP_205251359.1","QSJ49_RS02040","histone family protein","K24450"
"WP_205251360.1","QSJ49_RS02050","CCA tRNA nucleotidyltransferase","K07558"
"WP_205251367.1","QSJ49_RS02110","cation-translocating P-type ATPase","K01534"
"WP_205251368.1","QSJ49_RS02115","cytochrome c biogenesis protein CcdA","K06196"
"WP_205251371.1","QSJ49_RS02145","MFS transporter","K08177"
"WP_205251372.1","QSJ49_RS02150","bifunctional 2-dehydro-3-deoxygluconokinase/2-dehydro-3-deoxygalactonokinase","K00874"
"WP_205251373.1","QSJ49_RS02155","DNA mismatch repair endonuclease MutL","K03572"
"WP_205251374.1","QSJ49_RS02160","bacterio-opsin activator domain-containing protein","K06930"
"WP_205251375.1","QSJ49_RS02170","glutamate dehydrogenase GdhB","K00261"
"WP_205251377.1","QSJ49_RS02180","DNA mismatch repair protein MutS","K03555"
"WP_205251378.1","QSJ49_RS02185","AIR synthase-related protein","K04655"
"WP_205251379.1","QSJ49_RS02190","archaeal proteasome endopeptidase complex subunit alpha","K03432"
"WP_205251380.1","QSJ49_RS02195","thioredoxin family protein","K03671"
"WP_205251382.1","QSJ49_RS02210","endonuclease NucS","K07503"
"WP_205251383.1","QSJ49_RS02215","DNA mismatch repair protein MutS","K03555"
"WP_205251385.1","QSJ49_RS02225","TrkA family potassium uptake protein","K03499"
"WP_205251386.1","QSJ49_RS02270","aminopeptidase","K19689"
"WP_205251390.1","QSJ49_RS02320","lysylphosphatidylglycerol synthase transmembrane domain-containing protein","K07027"
"WP_205251400.1","QSJ49_RS02380","AAA family ATPase","K03924"
"WP_205251402.1","QSJ49_RS02395","DUF192 domain-containing protein","K09005"
"WP_205251403.1","QSJ49_RS02405","DUF2070 family protein","K08979"
"WP_205251407.1","QSJ49_RS02450","tRNA pseudouridine(13) synthase TruD","K06176"
"WP_205251408.1","QSJ49_RS02455","peptidyl-tRNA hydrolase Pth2","K04794"
"WP_205251411.1","QSJ49_RS02485","4-phosphopantoate--beta-alanine ligase","K09722"
"WP_205251412.1","QSJ49_RS02490","sugar kinase","K06982"
"WP_205251413.1","QSJ49_RS02495","phosphoglycerol geranylgeranyltransferase","K17104"
"WP_205251414.1","QSJ49_RS02505","ribonuclease HI","K03469"
"WP_205251421.1","QSJ49_RS02560","glycosyl transferase family 2","K13693"
"WP_205251427.1","QSJ49_RS02615","IS200/IS605-like element ISH22 family transposase","K07491"
"WP_205251429.1","QSJ49_RS02665","S-adenosyl-l-methionine hydroxide adenosyltransferase family protein","K22205"
"WP_205251430.1","QSJ49_RS02670","nicotinamide-nucleotide adenylyltransferase","K00952"
"WP_205251431.1","QSJ49_RS02680","MGMT family protein","K00567"
"WP_205251432.1","QSJ49_RS02685","indole-3-glycerol phosphate synthase","K01609"
"WP_205251433.1","QSJ49_RS02690","tryptophan synthase subunit beta","K01696"
"WP_205251434.1","QSJ49_RS02695","tryptophan synthase subunit alpha","K01695"
"WP_205251435.1","QSJ49_RS02730","cobalamin-binding protein","K02016"
"WP_205251436.1","QSJ49_RS02735","flippase-like domain-containing protein","K23683"
"WP_205251438.1","QSJ49_RS02770","methionine--tRNA ligase","K01874"
"WP_205251439.1","QSJ49_RS02775","tyrosine decarboxylase MfnA","K18933"
"WP_205251440.1","QSJ49_RS02780","M48 family metallopeptidase","K06013"
"WP_205251441.1","QSJ49_RS02785","pyruvate%2C water dikinase","K01007"
"WP_205251444.1","QSJ49_RS02810","S-methyl-5'-thioadenosine phosphorylase","K00772"
"WP_205251445.1","QSJ49_RS02820","ScpA family protein","K05896"
"WP_205251446.1","QSJ49_RS02825","chromosome segregation protein SMC","K03529"
"WP_205251448.1","QSJ49_RS02835","Asp-tRNA(Asn)/Glu-tRNA(Gln) amidotransferase subunit GatB","K02434"
"WP_205251451.1","QSJ49_RS02850","DNA topoisomerase I","K03168"
"WP_205251452.1","QSJ49_RS02865","type II CAAX endopeptidase family protein","K07052"
"WP_205251453.1","QSJ49_RS02870","chemotaxis signal transducer protein MpcT","K03406"
"WP_205251456.1","QSJ49_RS02905","ArsA family ATPase","K01551"
"WP_205251457.1","QSJ49_RS02915","CinA family protein","K03743"
"WP_205251462.1","QSJ49_RS02955","D-aminoacyl-tRNA deacylase","K09716"
"WP_205251463.1","QSJ49_RS02960","calcium/sodium antiporter","K07301"
"WP_205251464.1","QSJ49_RS02965","shikimate dehydrogenase","K00014"
"WP_205251465.1","QSJ49_RS02975","aminodeoxychorismate synthase%2C component I","K01657"
"WP_205251466.1","QSJ49_RS02980","aminodeoxychorismate/anthranilate synthase component II","K01658"
"WP_205251467.1","QSJ49_RS02985","aminodeoxychorismate lyase","K00826"
"WP_205251468.1","QSJ49_RS02995","transcriptional regulator","K07743"
"WP_205251469.1","QSJ49_RS03000","NDP-sugar synthase","K00973"
"WP_205251470.1","QSJ49_RS03005","diphthine--ammonia ligase","K06927"
"WP_205251471.1","QSJ49_RS03010","DUF373 family protein","K08975"
"WP_205251472.1","QSJ49_RS03020","DUF371 domain-containing protein","K09738"
"WP_205251473.1","QSJ49_RS03025","endonuclease III","K10773"
"WP_205251474.1","QSJ49_RS03035","beta-CASP ribonuclease aCPSF1","K07041"
"WP_205251475.1","QSJ49_RS03045","proline--tRNA ligase","K01881"
"WP_205251477.1","QSJ49_RS03060","NAD(P)-dependent glycerol-1-phosphate dehydrogenase","K00096"
"WP_205251482.1","QSJ49_RS03085","dihydropteroate synthase","K00796"
"WP_205251483.1","QSJ49_RS03090","formyltransferase family protein","K00602"
"WP_205251485.1","QSJ49_RS03115","PUA domain-containing protein","K07398"
"WP_205251492.1","QSJ49_RS03180","amidohydrolase","K12940"
"WP_205251496.1","QSJ49_RS03210","dihydrodipicolinate synthase family protein","K01714"
"WP_205251498.1","QSJ49_RS03225","transcriptional regulator GfcR","K26599"
"WP_205251499.1","QSJ49_RS03245","phosphate ABC transporter permease PstA","K02038"
"WP_205251500.1","QSJ49_RS03255","PstS family phosphate ABC transporter substrate-binding protein","K02040"
"WP_205251501.1","QSJ49_RS03265","phosphoadenosine phosphosulfate reductase family protein","K00390"
"WP_205251503.1","QSJ49_RS03285","ABC transporter ATP-binding protein","K01990"
"WP_205251505.1","QSJ49_RS03300","digeranylgeranylglycerophospholipid reductase","K17830"
"WP_205251507.1","QSJ49_RS03310","ABC transporter ATP-binding protein","K01990"
"WP_205251509.1","QSJ49_RS03345","methylmalonyl-CoA epimerase","K05606"
"WP_205251511.1","QSJ49_RS03355","methylmalonyl-CoA mutase family protein","K01848"
"WP_205251514.1","QSJ49_RS03370","AMP-binding protein","K01895"
"WP_205251518.1","QSJ49_RS03395","molecular chaperone DnaJ","K03686"
"WP_205251519.1","QSJ49_RS03400","molecular chaperone DnaK","K04043"
"WP_205251521.1","QSJ49_RS03410","nucleotide exchange factor GrpE","K03687"
"WP_205251523.1","QSJ49_RS03425","RsmB/NOP family class I SAM-dependent RNA methyltransferase","K14835"
"WP_205251524.1","QSJ49_RS03430","proteasome assembly chaperone family protein","K06869"
"WP_205251525.1","QSJ49_RS03440","aminotransferase class I/II-fold pyridoxal phosphate-dependent enzyme","K00812"
"WP_205251527.1","QSJ49_RS03450","redox-regulated ATPase YchF","K06942"
"WP_205251528.1","QSJ49_RS03455","hemolysin family protein","K03699"
"WP_205251532.1","QSJ49_RS03490","DNA double-strand break repair protein Mre11","K03547"
"WP_205251533.1","QSJ49_RS03495","DNA double-strand break repair ATPase Rad50","K03546"
"WP_205251537.1","QSJ49_RS03530","ABC transporter ATP-binding protein","K09013"
"WP_205251540.1","QSJ49_RS03595","TAXI family TRAP transporter solute-binding subunit","K07080"
"WP_205251541.1","QSJ49_RS03600","threonine synthase","K01733"
"WP_205251543.1","QSJ49_RS03620","proteasome assembly chaperone family protein","K07159"
"WP_205251548.1","QSJ49_RS03680","Na(+)/H(+) antiporter subunit D","K05568"
"WP_205251549.1","QSJ49_RS03685","cation:proton antiporter","K05568"
"WP_205251550.1","QSJ49_RS03690","monovalent cation/H+ antiporter subunit D family protein","K05568"
"WP_205251551.1","QSJ49_RS03700","Na(+)/H(+) antiporter subunit B","K05566"
"WP_205251552.1","QSJ49_RS03710","monovalent cation/H(+) antiporter subunit G","K05571"
"WP_205251553.1","QSJ49_RS03725","bifunctional phosphopantothenoylcysteine decarboxylase/phosphopantothenate--cysteine ligase CoaBC","K13038"
"WP_205251556.1","QSJ49_RS03750","NAD(+)/NADH kinase","K00858"
"WP_205251562.1","QSJ49_RS03810","endonuclease III","K10773"
"WP_205251563.1","QSJ49_RS03815","phosphomevalonate decarboxylase MvaD","K17942"
"WP_205251573.1","QSJ49_RS03885","CoA-binding protein","K06929"
"WP_205251576.1","QSJ49_RS03925","S49 family peptidase","K04773"
"WP_205251577.1","QSJ49_RS03930","FAD-dependent oxidoreductase","K18208"
"WP_205251580.1","QSJ49_RS03950","CoA ester lyase","K01644"
"WP_205251581.1","QSJ49_RS03955","NADP-specific glutamate dehydrogenase GdhA1","K00261"
"WP_205251582.1","QSJ49_RS03960","pyridoxal phosphate-dependent aminotransferase","K00812"
"WP_205251586.1","QSJ49_RS04030","NuoM family protein","K00342"
"WP_205251587.1","QSJ49_RS04035","NADH-quinone oxidoreductase subunit N","K00343"
"WP_205251589.1","QSJ49_RS04050","hypothetical protein","K01998"
"WP_205251590.1","QSJ49_RS04055","methylmalonyl-CoA mutase family protein","K01848"
"WP_205251591.1","QSJ49_RS04090","heme-copper oxidase subunit III","K02276"
"WP_205251592.1","QSJ49_RS04095","biotin--[acetyl-CoA-carboxylase] ligase","K03524"
"WP_205251594.1","QSJ49_RS04115","ABC transporter ATP-binding protein","K01990"
"WP_205251596.1","QSJ49_RS04140","methylmalonyl Co-A mutase-associated GTPase MeaB","K07588"
"WP_205251599.1","QSJ49_RS04155","thiolase domain-containing protein","K00626"
"WP_205251601.1","QSJ49_RS04165","acyl-CoA dehydrogenase","K00248"
"WP_205251602.1","QSJ49_RS04170","phytoene/squalene synthase family protein","K00801"
"WP_205251603.1","QSJ49_RS04175","3-hydroxyacyl-CoA dehydrogenase NAD-binding domain-containing protein","K00074"
"WP_205251605.1","QSJ49_RS04190","class 1 fructose-1%2C6-bisphosphatase","K03841"
"WP_205251608.1","QSJ49_RS04225","RNA-guided endonuclease TnpB family protein","K07496"
"WP_205251610.1","QSJ49_RS04235","IS200/IS605 family transposase","K07491"
"WP_205251611.1","QSJ49_RS04245","heavy metal translocating P-type ATPase","K17686"
"WP_205251615.1","QSJ49_RS04310","phosphoglycolate phosphatase","K22223"
"WP_205251624.1","QSJ49_RS04450","NAD-dependent epimerase/dehydratase family protein","K01784"
"WP_205251626.1","QSJ49_RS04465","tRNA (cytidine(56)-2'-O)-methyltransferase","K07254"
"WP_205251628.1","QSJ49_RS04490","undecaprenyl-diphosphatase","K19302"
"WP_205251630.1","QSJ49_RS04535","acyl-CoA dehydrogenase family protein","K00248"
"WP_205251631.1","QSJ49_RS04550","DHH family phosphoesterase","K07463"
"WP_205251635.1","QSJ49_RS04600","chemotaxis signal transducer protein Htr6","K03406"
"WP_205251636.1","QSJ49_RS04605","BMP family protein","K07335"
"WP_205251640.1","QSJ49_RS04650","chemotaxis signal transducer protein Htr4","K03406"
"WP_205251642.1","QSJ49_RS04670","chemotaxis signal transducer protein Htr18","K03406"
"WP_205251644.1","QSJ49_RS04690","glycosyl hydrolase family 18 protein","K01183"
"WP_205251646.1","QSJ49_RS04730","molybdopterin-guanine dinucleotide biosynthesis protein B","K03753"
"WP_205251647.1","QSJ49_RS04745","molybdopterin-dependent oxidoreductase","K07306"
"WP_205251648.1","QSJ49_RS04755","NrfD/PsrC family molybdoenzyme membrane anchor subunit","K00185"
"WP_205251649.1","QSJ49_RS04760","molecular chaperone","K23349"
"WP_205251655.1","QSJ49_RS04805","carbonic anhydrase","K01673"
"WP_205251658.1","QSJ49_RS04845","diphthamide biosynthesis enzyme Dph2","K07561"
"WP_205251660.1","QSJ49_RS04930","phosphoribosylformylglycinamidine cyclo-ligase","K01933"
"WP_205251661.1","QSJ49_RS04950","ATP-dependent DNA ligase LigA","K10747"
"WP_205251664.1","QSJ49_RS04970","DNA topoisomerase VI subunit B","K03167"
"WP_205251665.1","QSJ49_RS04975","DNA topoisomerase (ATP-hydrolyzing) subunit B","K02470"
"WP_205251666.1","QSJ49_RS04980","DNA gyrase subunit A","K02469"
"WP_205251667.1","QSJ49_RS04990","NAD(P)/FAD-dependent oxidoreductase","K03885"
"WP_205251670.1","QSJ49_RS05030","BMP family protein","K07335"
"WP_205251679.1","QSJ49_RS05100","ABC transporter ATP-binding protein","K02010"
"WP_205251680.1","QSJ49_RS05110","iron ABC transporter substrate-binding protein","K02012"
"WP_205251681.1","QSJ49_RS05135","thiolase family protein","K00626"
"WP_205251687.1","QSJ49_RS05200","MinD/ParA family protein","K03609"
"WP_205251691.1","QSJ49_RS05240","methyl-accepting chemotaxis protein","K03406"
"WP_205251694.1","QSJ49_RS05290","chemotaxis protein CheA","K03407"
"WP_205251702.1","QSJ49_RS05370","bacterio-opsin activator domain-containing protein","K06930"
"WP_205251709.1","QSJ49_RS05440","archaellin/type IV pilin N-terminal domain-containing protein","K07325"
"WP_205251710.1","QSJ49_RS05445","GTP cyclohydrolase III","K08096"
"WP_205251712.1","QSJ49_RS05455","chemotaxis signal transducer protein Htr13","K03406"
"WP_205251713.1","QSJ49_RS05460","DNA polymerase IV","K02346"
"WP_205251720.1","QSJ49_RS05495","6-carboxytetrahydropterin synthase","K01737"
"WP_205251739.1","QSJ49_RS05615","UTP--glucose-1-phosphate uridylyltransferase AglF","K00973"
"WP_205251746.1","QSJ49_RS05650","glycosyltransferase family protein","K07257"
"WP_205251753.1","QSJ49_RS05690","oligosaccharyl transferase%2C archaeosortase A system-associated","K21306"
"WP_205251769.1","QSJ49_RS05875","diphthine synthase","K20215"
"WP_205251803.1","QSJ49_RS06215","NAD(P)/FAD-dependent oxidoreductase","K00311"
"WP_205251828.1","QSJ49_RS06670","3-hydroxyacyl-CoA dehydrogenase/enoyl-CoA hydratase family protein","K15016"
"WP_205251832.1","QSJ49_RS06725","FAD-dependent thymidylate synthase","K03465"
"WP_205251836.1","QSJ49_RS06750","superoxide dismutase","K04564"
"WP_205251840.1","QSJ49_RS06770","long-chain fatty acid--CoA ligase","K01897"
"WP_205251845.1","QSJ49_RS06795","dihydropteroate synthase","K00796"
"WP_205251851.1","QSJ49_RS06830","PH domain-containing protein","K08981"
"WP_205251852.1","QSJ49_RS06835","PH domain-containing protein","K09167"
"WP_205251853.1","QSJ49_RS06840","class II fumarate hydratase","K01679"
"WP_205251857.1","QSJ49_RS06870","presenilin family intramembrane aspartyl protease PSH","K28485"
"WP_205251858.1","QSJ49_RS06880","signal recognition particle subunit SRP19","K03105"
"WP_205251867.1","QSJ49_RS06975","diadenylate cyclase DacZ","K18672"
"WP_205251871.1","QSJ49_RS07015","glutamate--cysteine ligase","K06048"
"WP_205251877.1","QSJ49_RS03570","HD domain-containing protein","K06950"
"WP_205251895.1","QSJ49_RS07725","cobyrinic acid a%2Cc-diamide synthase","K02224"
"WP_205251917.1","QSJ49_RS00720","ATP-dependent DNA helicase","K10844"
"WP_205251933.1","QSJ49_RS07010","methyl-accepting chemotaxis protein","K03406"
"WP_205252023.1","QSJ49_RS07895","replication factor C large subunit","K04800"
"WP_205252721.1","QSJ49_RS06475","FAD-dependent oxidoreductase","K00384"
"WP_205252728.1","QSJ49_RS06560","TrkA family potassium uptake protein","K03499"
"WP_227970929.1","QSJ49_RS05385","hypothetical protein","K00404"
"WP_229373321.1","QSJ49_RS11105","AAA family ATPase","K01990"
"WP_229373324.1","QSJ49_RS10800","exodeoxyribonuclease VII large subunit","K03601"
"WP_229373338.1","QSJ49_RS11645","aspartate carbamoyltransferase regulatory subunit","K00610"
"WP_229373341.1","QSJ49_RS10960","transcription initiation factor IIB family protein","K03124"
"WP_229373347.1","QSJ49_RS07185","methyl-accepting chemotaxis protein","K03406"
"WP_229373355.1","QSJ49_RS08445","glycine betaine ABC transporter substrate-binding protein","K23316"
"WP_229373361.1","QSJ49_RS09725","uracil-DNA glycosylase","K21929"
"WP_229373370.1","QSJ49_RS10235","sulfite exporter TauE/SafE family protein","K09792"
"WP_229373389.1","QSJ49_RS02220","amino acid permease","K03294"
"WP_229373393.1","QSJ49_RS03610","metallophosphoesterase","K06953"
"WP_229373395.1","QSJ49_RS03910","methyl-accepting chemotaxis protein","K03406"
"WP_229373404.1","QSJ49_RS04370","DUF1684 domain-containing protein","K09164"
"WP_229373414.1","QSJ49_RS05075","aminotransferase class V-fold PLP-dependent enzyme","K01556"
"WP_229373418.1","QSJ49_RS05665","NAD-dependent epimerase/dehydratase family protein","K08678"
"WP_235157063.1","QSJ49_RS00665","phosphoglycerate dehydrogenase","K00058"
"WP_235157065.1","QSJ49_RS00660","phosphoserine phosphatase SerB","K01079"
"WP_235157068.1","QSJ49_RS00650","O-acetylhomoserine aminocarboxypropyltransferase/cysteine synthase family protein","K01740"
"WP_235157071.1","QSJ49_RS00630","DNA-directed DNA polymerase II small subunit","K02323"
"WP_235157072.1","QSJ49_RS00625","S26 family signal peptidase","K13280"
"WP_235157074.1","QSJ49_RS00600","DNA replication protein Orc7","K10725"
"WP_235157077.1","QSJ49_RS00585","Zn-ribbon domain-containing protein","K07163"
"WP_235157091.1","QSJ49_RS00540","sulfurtransferase","K01011"
"WP_235157108.1","QSJ49_RS00480","ABC transporter ATP-binding protein","K01990"
"WP_235157146.1","QSJ49_RS00370","glycine--tRNA ligase","K01880"
"WP_235157155.1","QSJ49_RS00360","ABC transporter substrate-binding protein","K02035"
"WP_235157159.1","QSJ49_RS00355","ABC transporter permease","K02033"
"WP_235157166.1","QSJ49_RS00345","ABC transporter ATP-binding protein","K02031"
"WP_235157170.1","QSJ49_RS00310","DNA-directed DNA polymerase II large subunit","K02322"
"WP_235157184.1","QSJ49_RS00260","glutamate-1-semialdehyde 2%2C1-aminomutase","K01845"
"WP_235157223.1","QSJ49_RS00170","hemolysin family protein","K03699"
"WP_235157612.1","QSJ49_RS07730","cob(I)yrinic acid a%2Cc-diamide adenosyltransferase","K19221"
"WP_235157615.1","QSJ49_RS08590","homoserine kinase","K00872"
"WP_235157758.1","QSJ49_RS07230","RtcB family protein","K14415"
"WP_235157764.1","QSJ49_RS07050","DEAD/DEAH box helicase family protein","K10843"
"WP_235157811.1","QSJ49_RS06375","prephenate dehydrogenase/arogenate dehydrogenase family protein","K04517"
"WP_235157830.1","QSJ49_RS06265","imidazolonepropionase","K01468"
"WP_235157990.1","QSJ49_RS05205","archaellar assembly protein FlaJ","K07333"
"WP_235158000.1","QSJ49_RS04910","Asp-tRNA(Asn)/Glu-tRNA(Gln) amidotransferase subunit GatA","K02433"
"WP_235158054.1","QSJ49_RS05825","tripartite tricarboxylate transporter permease","K08971"
"WP_235158057.1","QSJ49_RS05815","YqcI/YcgG family protein","K09190"
"WP_235158058.1","QSJ49_RS05810","cysteine--tRNA ligase","K01883"
"WP_235158062.1","QSJ49_RS05770","adenylosuccinate synthase","K01939"
"WP_235158065.1","QSJ49_RS05735","2-succinyl-5-enolpyruvyl-6-hydroxy-3-cyclohexene-1-carboxylic-acid synthase","K02551"
"WP_235158068.1","QSJ49_RS05700","FAD-dependent oxidoreductase","K00111"
"WP_235158081.1","QSJ49_RS05600","S-layer glycoprotein N-glycosyltransferase AglJ","K23684"
"WP_235158084.1","QSJ49_RS05585","UDP-glucose 6-dehydrogenase AglM","K00012"
"WP_235158092.1","QSJ49_RS05530","histidinol-phosphate transaminase","K00817"
"WP_235158095.1","QSJ49_RS05485","GTP cyclohydrolase III","K08096"
"WP_235158154.1","QSJ49_RS11950","lysine N(6)-hydroxylase/L-ornithine N(5)-oxygenase family protein","K27501"
"WP_235158157.1","QSJ49_RS11970","diaminobutyrate--2-oxoglutarate transaminase family protein","K00836"
"WP_235158158.1","QSJ49_RS11965","aspartate aminotransferase family protein","K13745"
"WP_235218662.1","QSJ49_RS11445","ABC transporter permease subunit","K02053"
"WP_235218663.1","QSJ49_RS11450","ABC transporter ATP-binding protein","K02052"
"WP_235218665.1","QSJ49_RS11465","ABC transporter ATP-binding protein","K01990"
"WP_235218849.1","QSJ49_RS00405","oligopeptide/dipeptide ABC transporter ATP-binding protein","K02032"
"WP_235218850.1","QSJ49_RS00395","ABC transporter permease","K02034"
"WP_235218851.1","QSJ49_RS00385","ABC transporter substrate-binding protein","K02035"
"WP_235218856.1","QSJ49_RS06790","6-hydroxymethylpterin diphosphokinase MptE-like protein","K07142"
"WP_235218898.1","QSJ49_RS00500","ribonucleotide-diphosphate reductase subunit beta","K00526"
"WP_235218899.1","QSJ49_RS00505","ribonucleoside-diphosphate reductase subunit alpha","K00525"
"WP_235218902.1","QSJ49_RS00545","thiamine ABC transporter substrate binding subunit","K02064"
"WP_235262845.1","QSJ49_RS06120","NOP5/NOP56 family protein","K14564"
"WP_235262944.1","QSJ49_RS07805","aminomethyl-transferring glycine dehydrogenase subunit GcvPB","K00283"
"WP_285253456.1","QSJ49_RS07865","hydroxymethylglutaryl-CoA synthase","K01641"
"WP_285253606.1","QSJ49_RS05170","ZIP family metal transporter","K07238"
"WP_285253815.1","QSJ49_RS04880","phosphoribosylformylglycinamidine synthase subunit PurL","K23269"
"WP_285255027.1","QSJ49_RS06640","phosphoribosylamine--glycine ligase","K01945"
"WP_285265078.1","QSJ49_RS06240","5'-deoxyadenosine deaminase","K12960"
"WP_285265534.1","QSJ49_RS06610","methionine adenosyltransferase","K00789"
"WP_285265871.1","QSJ49_RS04855","rhomboid family intramembrane serine protease","K28366"
"WP_285271116.1","QSJ49_RS06025","glutamate--tRNA ligase","K01885"
"WP_285271404.1","QSJ49_RS06885","PGF-CTERM-anchored ABC transporter substrate-binding protein","K25034"
"WP_285271477.1","QSJ49_RS06780","SDR family NAD(P)-dependent oxidoreductase","K00059"
"WP_285271483.1","QSJ49_RS06145","archaellin/type IV pilin N-terminal domain-containing protein","K07325"
"WP_285271553.1","QSJ49_RS06825","Glu-tRNA(Gln) amidotransferase subunit GatE","K03330"
"WP_318655299.1","QSJ49_RS10635","TrkA family potassium uptake protein","K03499"
"WP_318655303.1","QSJ49_RS10620","potassium-transporting ATPase subunit KdpB","K01547"
"WP_318655342.1","QSJ49_RS11335","ABC transporter ATP-binding protein","K01990"
"WP_338416897.1","QSJ49_RS05540","GMC family oxidoreductase","K19813"
"WP_338416901.1","QSJ49_RS06035","tRNA(Met) cytidine acetyltransferase TmcA","K06957"
"WP_338416902.1","QSJ49_RS06060","5-methyltetrahydropteroyltriglutamate--homocysteine methyltransferase","K00549"
"WP_338416905.1","QSJ49_RS06165","radical SAM protein","K22227"
"WP_338416907.1","QSJ49_RS06255","urocanate hydratase","K01712"
"WP_338416912.1","QSJ49_RS06340","chorismate synthase","K01736"
"WP_338416913.1","QSJ49_RS06345","guanosine monophosphate reductase","K00088"
"WP_338416916.1","QSJ49_RS06360","3-phosphoshikimate 1-carboxyvinyltransferase","K00800"
"WP_338416918.1","QSJ49_RS06395","amino acid permease","K03294"
"WP_338416919.1","QSJ49_RS06400","5'/3'-nucleotidase SurE","K03787"
"WP_338416920.1","QSJ49_RS06415","shikimate kinase","K00891"
"WP_338416921.1","QSJ49_RS06430","ABC transporter ATP-binding protein","K01990"
"WP_338416922.1","QSJ49_RS06445","DEAD/DEAH box helicase","K03724"
"WP_338416923.1","QSJ49_RS06450","metallophosphoesterase","K06953"
"WP_338416924.1","QSJ49_RS06455","hypothetical protein","K09746"
"WP_338416928.1","QSJ49_RS06530","cyclic pyranopterin monophosphate synthase MoaC","K03637"
"WP_338416929.1","QSJ49_RS06535","GTPase HflX","K03665"
"WP_338416930.1","QSJ49_RS06615","tRNA sulfurtransferase","K03151"
"WP_338416931.1","QSJ49_RS06635","thioredoxin domain-containing protein","K06888"
"WP_338416932.1","QSJ49_RS06755","deoxyribodipyrimidine photo-lyase","K01669"
"WP_338416933.1","QSJ49_RS06850","flap endonuclease-1","K04799"
"WP_338416937.1","QSJ49_RS06950","ATP-dependent DNA helicase","K10844"
"WP_338416941.1","QSJ49_RS07190","histidinol dehydrogenase","K00013"
"WP_338416945.1","QSJ49_RS07560","biotin--[acetyl-CoA-carboxylase] ligase","K03524"
"WP_338416946.1","QSJ49_RS07760","threonine-phosphate decarboxylase CobD","K04720"
"WP_338416947.1","QSJ49_RS07765","adenosylcobinamide amidohydrolase CbiZ","K08260"
"WP_338416949.1","QSJ49_RS07810","aminomethyl-transferring glycine dehydrogenase subunit GcvPA","K00282"
"WP_338416952.1","QSJ49_RS07930","ABC transporter ATP-binding protein","K02006"
"WP_338416956.1","QSJ49_RS10160","ATP-binding protein","K10726"
"WP_338416962.1","QSJ49_RS00220","biotin transporter BioY","K03523"
"WP_338416965.1","QSJ49_RS00275","hydroxymethylbilane synthase","K01749"
"WP_338416966.1","QSJ49_RS00280","uroporphyrinogen-III C-methyltransferase","K02303"
"WP_338416970.1","QSJ49_RS00435","ATP-dependent DNA helicase","K03726"
"WP_338416973.1","QSJ49_RS00495","excinuclease ABC subunit C","K03703"
"WP_338416974.1","QSJ49_RS00550","iron ABC transporter permease","K02063"
"WP_338416976.1","QSJ49_RS00680","threonine synthase","K01733"
"WP_338416977.1","QSJ49_RS01720","HVO_2072 family ArtA-dependent S-layer glycoprotein","K26284"
"WP_338416983.1","QSJ49_RS03095","adenylosuccinate lyase","K01756"
"WP_338416984.1","QSJ49_RS04715","type II secretion system F family protein","K07333"
"WP_338416985.1","QSJ49_RS04890","asparagine synthetase B","K01953"
"WP_338416991.1","QSJ49_RS10625","potassium-transporting ATPase subunit KdpA","K01546"
"WP_338416997.1","QSJ49_RS11285","DEAD/DEAH box helicase family protein","K10843"
"WP_338417015.1","QSJ49_RS12240","ParA family protein","K03496"
"WP_338417020.1","QSJ49_RS12005","Cdc6/Cdc18 family protein","K10725"
